INFO         | Android emulator version 36.2.12.0 (build_id 14214601) (CL:N/A)
INFO         | Graphics backend: gfxstream
DEBUG   | Current emulator version 36.2.12 is the same as the required version 36.2.12.
INFO         | Found AVD name 'Pixel_3'
INFO         | Found AVD target architecture: x86_64
INFO         | argv[0]: 'C:\Users\User\AppData\Local\Android\Sdk\emulator\emulator.EXE'; program directory: 'C:\Users\User\AppData\Local\Android\Sdk\emulator'
INFO         | Found systemPath C:\Users\User\AppData\Local\Android\Sdk\system-images\android-36\google_apis_playstore\x86_64\
[0;39mDEBUG   | autoconfig: -skin pixel_3
[0;39m[0;39mDEBUG   | autoconfig: -skindir C:\Users\User\AppData\Local\Android\Sdk\skins\
[0;39m[0;39mDEBUG   | init, loading C:\Users\User\AppData\Local\Android\Sdk\emulator\lib\advancedFeatures.ini
[0;39m[33mWARNING      | Please update the emulator to one that supports the feature(s): VulkanVirtualQueue
[0;39m[0;39mDEBUG   | autoconfig: -kernel C:\Users\User\AppData\Local\Android\Sdk\system-images\android-36\google_apis_playstore\x86_64\\kernel-ranchu
[0;39m[0;39mDEBUG   | Target arch = 'x86_64'
[0;39m[0;39mDEBUG   | Auto-detect: Kernel image requires new device naming scheme.
[0;39m[0;39mDEBUG   | Auto-detect: Kernel does not support YAFFS2 partitions.
[0;39m[0;39mDEBUG   | autoconfig: -ramdisk C:\Users\User\AppData\Local\Android\Sdk\system-images\android-36\google_apis_playstore\x86_64\\ramdisk.img
[0;39m[0;39mDEBUG   | Using initial system image: C:\Users\User\AppData\Local\Android\Sdk\system-images\android-36\google_apis_playstore\x86_64\\system.img
[0;39m[0;39mDEBUG   | Using initial vendor image: C:\Users\User\AppData\Local\Android\Sdk\system-images\android-36\google_apis_playstore\x86_64\\vendor.img
[0;39m[0;39mDEBUG   | autoconfig: -data C:\Users\User\.android\avd\..\avd\Pixel_3.avd\userdata-qemu.img
[0;39m[0;39mDEBUG   | autoconfig: -initdata (null)
[0;39m[0;39mDEBUG   | autoconfig: -cache C:\Users\User\.android\avd\..\avd\Pixel_3.avd\cache.img
[0;39m[0;39mDEBUG   | autoconfig: -sdcard C:\Users\User\.android\avd\..\avd\Pixel_3.avd\sdcard.img
[0;39m[0;39mDEBUG   | Physical RAM size: 2048MB
[0;39m[0;39mDEBUG   | VM heap size 256MB is below hardware specified minimum of 512MB,setting it to that value
[0;39m[0;39mDEBUG   | System image is read only
[0;39m[0;39mINFO         | IPv4 server found: 192.168.8.1
[0;39m[0;39mINFO         | Ignore IPv6 address: b0b3:2313:1002:0:b0b3:2313:1002:0
[0;39m[0;39mINFO         | Ignore IPv6 address: b0b3:2313:1002:0:b0b3:2313:1002:0
[0;39m[0;39mINFO         | Ignore IPv6 address: b0b3:2313:1002:0:b0b3:2313:1002:0
[0;39m[0;39mINFO         | Ignore IPv6 address: e0b9:2313:1002:0:b0b3:2313:1002:0
[0;39m[0;39mINFO         | Ignore IPv6 address: e0b9:2313:1002:0:b0b3:2313:1002:0
[0;39m[0;39mINFO         | Ignore IPv6 address: e0b9:2313:1002:0:b0b3:2313:1002:0
[0;39m[0;39mINFO         | Ignore IPv6 address: f8bf:2313:1002:0:b0b3:2313:1002:0
[0;39m[0;39mINFO         | Ignore IPv6 address: f8bf:2313:1002:0:b0b3:2313:1002:0
[0;39m[0;39mINFO         | Ignore IPv6 address: f8bf:2313:1002:0:b0b3:2313:1002:0
[0;39m[0;39mINFO         | Ignore IPv6 address: 10c6:2313:1002:0:b0b3:2313:1002:0
[0;39m[0;39mDEBUG   | IPv6 DNS server found: 10c6:2313:1002:0:b0b3:2313:1002:0
[0;39m[0;39mINFO         | Ignore IPv6 address: b0d0:2313:1002:0:b0b3:2313:1002:0
[0;39m[0;39mINFO         | Ignore IPv6 address: b0d0:2313:1002:0:b0b3:2313:1002:0
[0;39m[0;39mINFO         | Ignore IPv6 address: b0d0:2313:1002:0:b0b3:2313:1002:0
[0;39m[0;39mDEBUG   | Found 2 DNS servers:
[0;39m[0;39mDEBUG   | 	192.168.8.1
[0;39m[0;39mDEBUG   | 	2402:4000::1
[0;39m[0;39mINFO         | Guest GLES Driver: Auto (ext controls)
[0;39m[0;39mDEBUG   | emuglConfig_init: denylisted=0 has_guest_renderer=1, mode: auto, option: 

[0;39m[0;39mDEBUG   | emuglConfig_init: auto-selected host based on conditions and UI preference 0

[0;39mlibrary_mode host gpu mode host
[0;39mDEBUG   | setCurrentRenderer: host Host
[0;39m[0;39mDEBUG   | emuglConfig_get_vulkan_runtime_full_path: Checking for vulkan-1.dll versions
[0;39m[0;39mDEBUG   | querying file version info API...
[0;39m[0;39mDEBUG   | found kernelbase.dll
[0;39m[0;39mDEBUG   | GetFileVersionInfoSizeW found. On Windows 10?
[0;39m[0;39mDEBUG   | GetFileVersionInfoW found. On Windows 10?
[0;39m[0;39mDEBUG   | VerQueryValueW found. Can query file versions
[0;39m[0;39mDEBUG   | querying file version info API...
[0;39m[0;39mDEBUG   | vulkan-1.dll version: 1.3.280.0
[0;39m[0;39mDEBUG   | C:\Users\User\AppData\Local\Android\Sdk\emulator\lib64\vulkan\vulkan-1.dll version: 5.0.0.1
[0;39m[0;39mDEBUG   | emuglConfig_get_vulkan_runtime_full_path: Using vulkan runtime path: vulkan-1.dll
[0;39m[0;39mDEBUG   | emuglConfig_get_vulkan_hardware_gpu_support_info: Successfully created vulkan instance

[0;39m[0;39mDEBUG   | emuglConfig_get_vulkan_hardware_gpu_support_info: Physical devices count is 2

[0;39m[0;39mINFO         | emuglConfig_get_vulkan_hardware_gpu_support_info: Found physical GPU 'NVIDIA GeForce MX350', type: VK_PHYSICAL_DEVICE_TYPE_DISCRETE_GPU, apiVersion: 1.3.280, driverVersion: 560.94

[0;39m[0;39mINFO         | emuglConfig_get_vulkan_hardware_gpu_support_info: Found physical GPU 'Intel(R) Iris(R) Xe Graphics', type: VK_PHYSICAL_DEVICE_TYPE_INTEGRATED_GPU, apiVersion: 1.2.204, driverVersion: 0.404.1404

[0;39m[0;39mINFO         | Enabled VulkanAllocateHostMemory feature for gpu vendor NVIDIA GeForce MX350 on Linux

[0;39m[0;39mDEBUG   | emuglConfig_init: GPU emulation enabled using 'host' mode

[0;39m[0;39mINFO         | GPU device local memory = 2178MB
[0;39m[0;39mDEBUG   | GPU emulation enabled using 'host' mode
[0;39m[0;39mINFO         | Checking system compatibility:
[0;39m[0;39mINFO         |   Checking: hasCompatibleHypervisor
[0;39m[0;39mINFO         |      Ok: Hypervisor compatibility to run avd: `Pixel_3` are met
[0;39m[0;39mINFO         |   Checking: hasSufficientSystem
[0;39m[0;39mINFO         |      Ok: System requirements to run avd: `Pixel_3` are met
[0;39m[0;39mINFO         |   Checking: hasSufficientHwGpu
[0;39m[0;39mINFO         |      Ok: Hardware GPU requirements to run avd: `Pixel_3` are passed
[0;39m[0;39mINFO         |   Checking: hasSufficientDiskSpace
[0;39m[0;39mINFO         |      Ok: Disk space requirements to run avd: `Pixel_3` are met
[0;39m[0;39mDEBUG   | Starting hostapd main loop.
[0;39m[0;39mDEBUG   | trying to load skin file 'C:\Users\User\AppData\Local\Android\Sdk\skins\\pixel_3\layout'
[0;39m[0;39mDEBUG   | Requested console port 13736: Inferring adb port 13737.
[0;39m[0;39mDEBUG   | CPU Acceleration: working
[0;39m[0;39mDEBUG   | CPU Acceleration status: AEHD (version 2.2) is installed and usable.
[0;39m[0;39mDEBUG   | handleCpuAcceleration: feature check for hvf
[0;39m[0;39mDEBUG   | Uwb feature is enabled
[0;39m[0;39mDEBUG   | Bluetooth requested by guest
[0;39m[0;39mDEBUG   | started modem simulator host server at port: 6050
[0;39m[0;39mINFO         | Critical: Failed to load opengl32sw (The specified module could not be found.) (:0, )
[0;39m[0;39mINFO         | Warning: Software OpenGL failed. Falling back to system OpenGL. (:0, )
[0;39m[0;39mINFO         | Warning: QMetaObject::connectSlotsByName: No matching signal for on_btn_xr_environment_living_room_day_clicked() (:0, )
[0;39m[0;39mINFO         | Warning: QMetaObject::connectSlotsByName: No matching signal for on_btn_xr_environment_living_room_night_clicked() (:0, )
[0;39m[0;39mINFO         | Warning: QMetaObject::connectSlotsByName: No matching signal for on_new_posture_requested(int) (:0, )
[0;39m[0;39mINFO         | Warning: QMetaObject::connectSlotsByName: No matching signal for on_dismiss_posture_selection_dialog() (:0, )
[0;39m[0;39mINFO         | Warning: QMetaObject::connectSlotsByName: No matching signal for on_new_resizable_requested(PresetEmulatorSizeType) (:0, )
[0;39m[0;39mINFO         | Warning: QMetaObject::connectSlotsByName: No matching signal for on_dismiss_resizable_dialog() (:0, )
[0;39m[0;39mINFO         | Warning: QMetaObject::connectSlotsByName: No matching signal for on_xr_environment_mode_changed(int) (:0, )
[0;39m[0;39mINFO         | Warning: QMetaObject::connectSlotsByName: No matching signal for on_dismiss_xr_environment_mode_dialog() (:0, )
[0;39m[0;39mINFO         | Warning: QMetaObject::connectSlotsByName: No matching signal for on_xr_input_mode_changed(int) (:0, )
[0;39m[0;39mINFO         | Warning: QMetaObject::connectSlotsByName: No matching signal for on_dismiss_xr_input_mode_dialog() (:0, )
[0;39m[0;39mINFO         | Warning: QMetaObject::connectSlotsByName: No matching signal for on_sleep_timer_done() (:0, )
[0;39m[0;39mINFO         | Warning: QMetaObject::connectSlotsByName: No matching signal for on_unfold_timer_done() (:0, )
[0;39m[0;39mINFO         | Storing crashdata in: C:\Users\User\AppData\Local\Temp\\AndroidEmulator\emu-crash-36.2.12.db, detection is enabled for process: 8712
[0;39m[0;39mINFO         | Initializing hardware OpenGLES emulation support
[0;39m[0;39mINFO         | android_startOpenglesRenderer: gpu info
[0;39m[0;39mINFO         | GPU #1
  Make: 10de
  Model: NVIDIA GeForce MX350
  Device ID: 1c94

[0;39m[0;39mDEBUG   | gfxstreamFeature:GlPipeChecksum = 1
[0;39m[0;39mDEBUG   | gfxstreamFeature:Vulkan = 1
[0;39m[0;39mDEBUG   | gfxstreamFeature:HasSharedSlotsHostMemoryAllocator = 1
[0;39m[0;39mDEBUG   | gfxstreamFeature:VulkanSnapshots = 0
[0;39m[0;39mDEBUG   | gfxstreamFeature:NoDelayCloseColorBuffer = 0
[0;39m[0;39mDEBUG   | gfxstreamFeature:VirtioGpuNativeSync = 0
[0;39m[0;39mDEBUG   | gfxstreamFeature:VulkanShaderFloat16Int8 = 1
[0;39m[0;39mDEBUG   | gfxstreamFeature:NativeTextureDecompression = 0
[0;39m[0;39mDEBUG   | gfxstreamFeature:VulkanNativeSwapchain = 0
[0;39m[0;39mDEBUG   | gfxstreamFeature:VirtioGpuFenceContexts = 0
[0;39m[0;39mDEBUG   | gfxstreamFeature:AsyncComposeSupport = 0
[0;39m[0;39mDEBUG   | gfxstreamFeature:ExternalBlob = 0
[0;39m[0;39mDEBUG   | gfxstreamFeature:SystemBlob = 0
[0;39m[0;39mDEBUG   | gfxstreamFeature:GrallocSync = 0
[0;39m[0;39mDEBUG   | gfxstreamFeature:GlAsyncSwap = 1
[0;39m[0;39mDEBUG   | gfxstreamFeature:GlDma = 1
[0;39m[0;39mDEBUG   | gfxstreamFeature:GlDma2 = 0
[0;39m[0;39mDEBUG   | gfxstreamFeature:GlDirectMem = 1
[0;39m[0;39mDEBUG   | gfxstreamFeature:GlesDynamicVersion = 1
[0;39m[0;39mDEBUG   | gfxstreamFeature:PlayStoreImage = 1
[0;39m[0;39mDEBUG   | gfxstreamFeature:RefCountPipe = 1
[0;39m[0;39mDEBUG   | gfxstreamFeature:HostComposition = 1
[0;39m[0;39mDEBUG   | gfxstreamFeature:VulkanNullOptionalStrings = 1
[0;39m[0;39mDEBUG   | gfxstreamFeature:Yuv420888ToNv21 = 0
[0;39m[0;39mDEBUG   | gfxstreamFeature:YuvCache = 1
[0;39m[0;39mDEBUG   | gfxstreamFeature:VulkanIgnoredHandles = 1
[0;39m[0;39mDEBUG   | gfxstreamFeature:VirtioGpuNext = 0
[0;39m[0;39mDEBUG   | gfxstreamFeature:VulkanQueueSubmitWithCommands = 1
[0;39m[0;39mDEBUG   | gfxstreamFeature:VulkanBatchedDescriptorSetUpdate = 0
[0;39m[0;39mDEBUG   | gfxstreamFeature:Minigbm = 0
[0;39m[0;39mDEBUG   | gfxstreamFeature:HwcMultiConfigs = 1
[0;39m[0;39mDEBUG   | gfxstreamFeature:VulkanAllocateDeviceMemoryOnly = 0
[0;39m[0;39mDEBUG   | gfxstreamFeature:VulkanAllocateHostMemory = 1
[0;39m[0;39mDEBUG   | gfxstreamFeature:GuestVulkanOnly = 0
[0;39m[0;39mDEBUG   | gfxstreamFeature:BypassVulkanDeviceFeatureOverrides = 0
[0;39m[0;39mDEBUG   | gfxstreamFeature:VulkanDebugUtils = 0
[0;39m[0;39mDEBUG   | gfxstreamFeature:VulkanCommandBufferCheckpoints = 0
[0;39m[0;39mDEBUG   | gfxstreamFeature:VulkanVirtualQueue = 1
[0;39m[0;39mDEBUG   | gfxstreamFeature:VulkanRobustness = 0
[0;39m[0;39mDEBUG   | RenderWindow: CMD_INITIALIZE w=1080 h=2160
[0;39m[0;39mDEBUG   | FrameBuffer::initialize()
[0;39m[0;39mDEBUG   | FrameBuffer::Impl::initialize
[0;39m[0;39mINFO         | HealthMonitor disabled.
[0;39m[0;39mDEBUG   | create display 0
[0;39m[0;39mDEBUG   | setDisplayPose 0 x 0 y 0 w 1080 h 2160 dpi 0
[0;39m[0;39mINFO         | SharedLibrary::open for [vulkan-1.dll]
[0;39m[0;39mINFO         | SharedLibrary::open for [vulkan-1.dll]: not found in map, open for the first time
[0;39m[0;39mINFO         | SharedLibrary::open for [vulkan-1.dll] (win32): call LoadLibrary
[0;39m[0;39mINFO         | SharedLibrary::open succeeded for [vulkan-1.dll]. File name: [C:\WINDOWS\SYSTEM32\vulkan-1.dll]
[0;39m[0;39mINFO         | Added library: vulkan-1.dll
[0;39m[0;39mDEBUG   | global loader has vkEnumerateInstanceVersion.
[0;39m[0;39mDEBUG   | global loader has vkEnumerateInstanceVersion returning >= 1.1.
[0;39m[0;39mDEBUG   | Creating instance, asking for version 1.1.0 ...
[0;39m[0;39mDEBUG   | Found 2 Vulkan physical devices.
[0;39m[0;39mDEBUG   | Considering Vulkan physical device 0 : NVIDIA GeForce MX350
[0;39m[0;39mDEBUG   | VK_EXT_external_memory_dma_buf not found, bailing.
[0;39m[0;39mDEBUG   | Graphics queue family index: 0
[0;39m[0;39mDEBUG   | Compute queue family index: 0
[0;39m[0;39mDEBUG   | Compute queue family index: 2
[0;39m[0;39mDEBUG   | Considering Vulkan physical device 1 : Intel(R) Iris(R) Xe Graphics
[0;39m[0;39mDEBUG   | VK_EXT_external_memory_dma_buf not found, bailing.
[0;39m[0;39mDEBUG   | VK_KHR_sampler_ycbcr_conversion not found, bailing.
[0;39m[0;39mDEBUG   | Graphics queue family index: 0
[0;39m[0;39mDEBUG   | Compute queue family index: 0
[0;39m[0;39mDEBUG   | Device selection score for 'NVIDIA GeForce MX350' = 8780
[0;39m[0;39mDEBUG   | Device selection score for 'Intel(R) Iris(R) Xe Graphics' = 7204
[0;39m[0;39mDEBUG   | Supported: VK_FORMAT_R8G8B8A8_UNORM VK_IMAGE_TYPE_2D VK_IMAGE_TILING_LINEAR VK_IMAGE_USAGE_COLOR_ATTACHMENT_BIT, supportsExternalMemory? 1, requiresDedicated? 0
[0;39m[0;39mDEBUG   | Not Supported: VK_FORMAT_R8G8B8A8_UNORM VK_IMAGE_TYPE_2D VK_IMAGE_TILING_LINEAR VK_IMAGE_USAGE_INPUT_ATTACHMENT_BIT
[0;39m[0;39mDEBUG   | Supported: VK_FORMAT_R8G8B8A8_UNORM VK_IMAGE_TYPE_2D VK_IMAGE_TILING_LINEAR VK_IMAGE_USAGE_SAMPLED_BIT, supportsExternalMemory? 1, requiresDedicated? 0
[0;39m[0;39mDEBUG   | Supported: VK_FORMAT_R8G8B8A8_UNORM VK_IMAGE_TYPE_2D VK_IMAGE_TILING_LINEAR VK_IMAGE_USAGE_TRANSFER_SRC_BIT, supportsExternalMemory? 1, requiresDedicated? 0
[0;39m[0;39mDEBUG   | Supported: VK_FORMAT_R8G8B8A8_UNORM VK_IMAGE_TYPE_2D VK_IMAGE_TILING_LINEAR VK_IMAGE_USAGE_TRANSFER_DST_BIT, supportsExternalMemory? 1, requiresDedicated? 0
[0;39m[0;39mDEBUG   | Supported: VK_FORMAT_R8G8B8A8_UNORM VK_IMAGE_TYPE_2D VK_IMAGE_TILING_OPTIMAL VK_IMAGE_USAGE_COLOR_ATTACHMENT_BIT, supportsExternalMemory? 1, requiresDedicated? 0
[0;39m[0;39mDEBUG   | Supported: VK_FORMAT_R8G8B8A8_UNORM VK_IMAGE_TYPE_2D VK_IMAGE_TILING_OPTIMAL VK_IMAGE_USAGE_INPUT_ATTACHMENT_BIT, supportsExternalMemory? 1, requiresDedicated? 0
[0;39m[0;39mDEBUG   | Supported: VK_FORMAT_R8G8B8A8_UNORM VK_IMAGE_TYPE_2D VK_IMAGE_TILING_OPTIMAL VK_IMAGE_USAGE_SAMPLED_BIT, supportsExternalMemory? 1, requiresDedicated? 0
[0;39m[0;39mDEBUG   | Supported: VK_FORMAT_R8G8B8A8_UNORM VK_IMAGE_TYPE_2D VK_IMAGE_TILING_OPTIMAL VK_IMAGE_USAGE_TRANSFER_SRC_BIT, supportsExternalMemory? 1, requiresDedicated? 0
[0;39m[0;39mDEBUG   | Supported: VK_FORMAT_R8G8B8A8_UNORM VK_IMAGE_TYPE_2D VK_IMAGE_TILING_OPTIMAL VK_IMAGE_USAGE_TRANSFER_DST_BIT, supportsExternalMemory? 1, requiresDedicated? 0
[0;39m[0;39mDEBUG   | Not Supported: VK_FORMAT_R8G8B8_UNORM VK_IMAGE_TYPE_2D VK_IMAGE_TILING_LINEAR VK_IMAGE_USAGE_COLOR_ATTACHMENT_BIT
[0;39m[0;39mDEBUG   | Not Supported: VK_FORMAT_R8G8B8_UNORM VK_IMAGE_TYPE_2D VK_IMAGE_TILING_LINEAR VK_IMAGE_USAGE_INPUT_ATTACHMENT_BIT
[0;39m[0;39mDEBUG   | Not Supported: VK_FORMAT_R8G8B8_UNORM VK_IMAGE_TYPE_2D VK_IMAGE_TILING_LINEAR VK_IMAGE_USAGE_SAMPLED_BIT
[0;39m[0;39mDEBUG   | Not Supported: VK_FORMAT_R8G8B8_UNORM VK_IMAGE_TYPE_2D VK_IMAGE_TILING_LINEAR VK_IMAGE_USAGE_TRANSFER_SRC_BIT
[0;39m[0;39mDEBUG   | Not Supported: VK_FORMAT_R8G8B8_UNORM VK_IMAGE_TYPE_2D VK_IMAGE_TILING_LINEAR VK_IMAGE_USAGE_TRANSFER_DST_BIT
[0;39m[0;39mDEBUG   | Not Supported: VK_FORMAT_R8G8B8_UNORM VK_IMAGE_TYPE_2D VK_IMAGE_TILING_OPTIMAL VK_IMAGE_USAGE_COLOR_ATTACHMENT_BIT
[0;39m[0;39mDEBUG   | Not Supported: VK_FORMAT_R8G8B8_UNORM VK_IMAGE_TYPE_2D VK_IMAGE_TILING_OPTIMAL VK_IMAGE_USAGE_INPUT_ATTACHMENT_BIT
[0;39m[0;39mDEBUG   | Not Supported: VK_FORMAT_R8G8B8_UNORM VK_IMAGE_TYPE_2D VK_IMAGE_TILING_OPTIMAL VK_IMAGE_USAGE_SAMPLED_BIT
[0;39m[0;39mDEBUG   | Not Supported: VK_FORMAT_R8G8B8_UNORM VK_IMAGE_TYPE_2D VK_IMAGE_TILING_OPTIMAL VK_IMAGE_USAGE_TRANSFER_SRC_BIT
[0;39m[0;39mDEBUG   | Not Supported: VK_FORMAT_R8G8B8_UNORM VK_IMAGE_TYPE_2D VK_IMAGE_TILING_OPTIMAL VK_IMAGE_USAGE_TRANSFER_DST_BIT
[0;39m[0;39mDEBUG   | Supported: VK_FORMAT_R5G6B5_UNORM_PACK16 VK_IMAGE_TYPE_2D VK_IMAGE_TILING_LINEAR VK_IMAGE_USAGE_COLOR_ATTACHMENT_BIT, supportsExternalMemory? 1, requiresDedicated? 0
[0;39m[0;39mDEBUG   | Not Supported: VK_FORMAT_R5G6B5_UNORM_PACK16 VK_IMAGE_TYPE_2D VK_IMAGE_TILING_LINEAR VK_IMAGE_USAGE_INPUT_ATTACHMENT_BIT
[0;39m[0;39mDEBUG   | Supported: VK_FORMAT_R5G6B5_UNORM_PACK16 VK_IMAGE_TYPE_2D VK_IMAGE_TILING_LINEAR VK_IMAGE_USAGE_SAMPLED_BIT, supportsExternalMemory? 1, requiresDedicated? 0
[0;39m[0;39mDEBUG   | Supported: VK_FORMAT_R5G6B5_UNORM_PACK16 VK_IMAGE_TYPE_2D VK_IMAGE_TILING_LINEAR VK_IMAGE_USAGE_TRANSFER_SRC_BIT, supportsExternalMemory? 1, requiresDedicated? 0
[0;39m[0;39mDEBUG   | Supported: VK_FORMAT_R5G6B5_UNORM_PACK16 VK_IMAGE_TYPE_2D VK_IMAGE_TILING_LINEAR VK_IMAGE_USAGE_TRANSFER_DST_BIT, supportsExternalMemory? 1, requiresDedicated? 0
[0;39m[0;39mDEBUG   | Supported: VK_FORMAT_R5G6B5_UNORM_PACK16 VK_IMAGE_TYPE_2D VK_IMAGE_TILING_OPTIMAL VK_IMAGE_USAGE_COLOR_ATTACHMENT_BIT, supportsExternalMemory? 1, requiresDedicated? 0
[0;39m[0;39mDEBUG   | Supported: VK_FORMAT_R5G6B5_UNORM_PACK16 VK_IMAGE_TYPE_2D VK_IMAGE_TILING_OPTIMAL VK_IMAGE_USAGE_INPUT_ATTACHMENT_BIT, supportsExternalMemory? 1, requiresDedicated? 0
[0;39m[0;39mDEBUG   | Supported: VK_FORMAT_R5G6B5_UNORM_PACK16 VK_IMAGE_TYPE_2D VK_IMAGE_TILING_OPTIMAL VK_IMAGE_USAGE_SAMPLED_BIT, supportsExternalMemory? 1, requiresDedicated? 0
[0;39m[0;39mDEBUG   | Supported: VK_FORMAT_R5G6B5_UNORM_PACK16 VK_IMAGE_TYPE_2D VK_IMAGE_TILING_OPTIMAL VK_IMAGE_USAGE_TRANSFER_SRC_BIT, supportsExternalMemory? 1, requiresDedicated? 0
[0;39m[0;39mDEBUG   | Supported: VK_FORMAT_R5G6B5_UNORM_PACK16 VK_IMAGE_TYPE_2D VK_IMAGE_TILING_OPTIMAL VK_IMAGE_USAGE_TRANSFER_DST_BIT, supportsExternalMemory? 1, requiresDedicated? 0
[0;39m[0;39mDEBUG   | Supported: VK_FORMAT_A1R5G5B5_UNORM_PACK16 VK_IMAGE_TYPE_2D VK_IMAGE_TILING_LINEAR VK_IMAGE_USAGE_COLOR_ATTACHMENT_BIT, supportsExternalMemory? 1, requiresDedicated? 0
[0;39m[0;39mDEBUG   | Not Supported: VK_FORMAT_A1R5G5B5_UNORM_PACK16 VK_IMAGE_TYPE_2D VK_IMAGE_TILING_LINEAR VK_IMAGE_USAGE_INPUT_ATTACHMENT_BIT
[0;39m[0;39mDEBUG   | Supported: VK_FORMAT_A1R5G5B5_UNORM_PACK16 VK_IMAGE_TYPE_2D VK_IMAGE_TILING_LINEAR VK_IMAGE_USAGE_SAMPLED_BIT, supportsExternalMemory? 1, requiresDedicated? 0
[0;39m[0;39mDEBUG   | Supported: VK_FORMAT_A1R5G5B5_UNORM_PACK16 VK_IMAGE_TYPE_2D VK_IMAGE_TILING_LINEAR VK_IMAGE_USAGE_TRANSFER_SRC_BIT, supportsExternalMemory? 1, requiresDedicated? 0
[0;39m[0;39mDEBUG   | Supported: VK_FORMAT_A1R5G5B5_UNORM_PACK16 VK_IMAGE_TYPE_2D VK_IMAGE_TILING_LINEAR VK_IMAGE_USAGE_TRANSFER_DST_BIT, supportsExternalMemory? 1, requiresDedicated? 0
[0;39m[0;39mDEBUG   | Supported: VK_FORMAT_A1R5G5B5_UNORM_PACK16 VK_IMAGE_TYPE_2D VK_IMAGE_TILING_OPTIMAL VK_IMAGE_USAGE_COLOR_ATTACHMENT_BIT, supportsExternalMemory? 1, requiresDedicated? 0
[0;39m[0;39mDEBUG   | Supported: VK_FORMAT_A1R5G5B5_UNORM_PACK16 VK_IMAGE_TYPE_2D VK_IMAGE_TILING_OPTIMAL VK_IMAGE_USAGE_INPUT_ATTACHMENT_BIT, supportsExternalMemory? 1, requiresDedicated? 0
[0;39m[0;39mDEBUG   | Supported: VK_FORMAT_A1R5G5B5_UNORM_PACK16 VK_IMAGE_TYPE_2D VK_IMAGE_TILING_OPTIMAL VK_IMAGE_USAGE_SAMPLED_BIT, supportsExternalMemory? 1, requiresDedicated? 0
[0;39m[0;39mDEBUG   | Supported: VK_FORMAT_A1R5G5B5_UNORM_PACK16 VK_IMAGE_TYPE_2D VK_IMAGE_TILING_OPTIMAL VK_IMAGE_USAGE_TRANSFER_SRC_BIT, supportsExternalMemory? 1, requiresDedicated? 0
[0;39m[0;39mDEBUG   | Supported: VK_FORMAT_A1R5G5B5_UNORM_PACK16 VK_IMAGE_TYPE_2D VK_IMAGE_TILING_OPTIMAL VK_IMAGE_USAGE_TRANSFER_DST_BIT, supportsExternalMemory? 1, requiresDedicated? 0
[0;39m[0;39mDEBUG   | Supported: VK_FORMAT_R16G16B16A16_SFLOAT VK_IMAGE_TYPE_2D VK_IMAGE_TILING_LINEAR VK_IMAGE_USAGE_COLOR_ATTACHMENT_BIT, supportsExternalMemory? 1, requiresDedicated? 0
[0;39m[0;39mDEBUG   | Not Supported: VK_FORMAT_R16G16B16A16_SFLOAT VK_IMAGE_TYPE_2D VK_IMAGE_TILING_LINEAR VK_IMAGE_USAGE_INPUT_ATTACHMENT_BIT
[0;39m[0;39mDEBUG   | Supported: VK_FORMAT_R16G16B16A16_SFLOAT VK_IMAGE_TYPE_2D VK_IMAGE_TILING_LINEAR VK_IMAGE_USAGE_SAMPLED_BIT, supportsExternalMemory? 1, requiresDedicated? 0
[0;39m[0;39mDEBUG   | Supported: VK_FORMAT_R16G16B16A16_SFLOAT VK_IMAGE_TYPE_2D VK_IMAGE_TILING_LINEAR VK_IMAGE_USAGE_TRANSFER_SRC_BIT, supportsExternalMemory? 1, requiresDedicated? 0
[0;39m[0;39mDEBUG   | Supported: VK_FORMAT_R16G16B16A16_SFLOAT VK_IMAGE_TYPE_2D VK_IMAGE_TILING_LINEAR VK_IMAGE_USAGE_TRANSFER_DST_BIT, supportsExternalMemory? 1, requiresDedicated? 0
[0;39m[0;39mDEBUG   | Supported: VK_FORMAT_R16G16B16A16_SFLOAT VK_IMAGE_TYPE_2D VK_IMAGE_TILING_OPTIMAL VK_IMAGE_USAGE_COLOR_ATTACHMENT_BIT, supportsExternalMemory? 1, requiresDedicated? 0
[0;39m[0;39mDEBUG   | Supported: VK_FORMAT_R16G16B16A16_SFLOAT VK_IMAGE_TYPE_2D VK_IMAGE_TILING_OPTIMAL VK_IMAGE_USAGE_INPUT_ATTACHMENT_BIT, supportsExternalMemory? 1, requiresDedicated? 0
[0;39m[0;39mDEBUG   | Supported: VK_FORMAT_R16G16B16A16_SFLOAT VK_IMAGE_TYPE_2D VK_IMAGE_TILING_OPTIMAL VK_IMAGE_USAGE_SAMPLED_BIT, supportsExternalMemory? 1, requiresDedicated? 0
[0;39m[0;39mDEBUG   | Supported: VK_FORMAT_R16G16B16A16_SFLOAT VK_IMAGE_TYPE_2D VK_IMAGE_TILING_OPTIMAL VK_IMAGE_USAGE_TRANSFER_SRC_BIT, supportsExternalMemory? 1, requiresDedicated? 0
[0;39m[0;39mDEBUG   | Supported: VK_FORMAT_R16G16B16A16_SFLOAT VK_IMAGE_TYPE_2D VK_IMAGE_TILING_OPTIMAL VK_IMAGE_USAGE_TRANSFER_DST_BIT, supportsExternalMemory? 1, requiresDedicated? 0
[0;39m[0;39mDEBUG   | Not Supported: VK_FORMAT_R16G16B16_SFLOAT VK_IMAGE_TYPE_2D VK_IMAGE_TILING_LINEAR VK_IMAGE_USAGE_COLOR_ATTACHMENT_BIT
[0;39m[0;39mDEBUG   | Not Supported: VK_FORMAT_R16G16B16_SFLOAT VK_IMAGE_TYPE_2D VK_IMAGE_TILING_LINEAR VK_IMAGE_USAGE_INPUT_ATTACHMENT_BIT
[0;39m[0;39mDEBUG   | Not Supported: VK_FORMAT_R16G16B16_SFLOAT VK_IMAGE_TYPE_2D VK_IMAGE_TILING_LINEAR VK_IMAGE_USAGE_SAMPLED_BIT
[0;39m[0;39mDEBUG   | Not Supported: VK_FORMAT_R16G16B16_SFLOAT VK_IMAGE_TYPE_2D VK_IMAGE_TILING_LINEAR VK_IMAGE_USAGE_TRANSFER_SRC_BIT
[0;39m[0;39mDEBUG   | Not Supported: VK_FORMAT_R16G16B16_SFLOAT VK_IMAGE_TYPE_2D VK_IMAGE_TILING_LINEAR VK_IMAGE_USAGE_TRANSFER_DST_BIT
[0;39m[0;39mDEBUG   | Not Supported: VK_FORMAT_R16G16B16_SFLOAT VK_IMAGE_TYPE_2D VK_IMAGE_TILING_OPTIMAL VK_IMAGE_USAGE_COLOR_ATTACHMENT_BIT
[0;39m[0;39mDEBUG   | Not Supported: VK_FORMAT_R16G16B16_SFLOAT VK_IMAGE_TYPE_2D VK_IMAGE_TILING_OPTIMAL VK_IMAGE_USAGE_INPUT_ATTACHMENT_BIT
[0;39m[0;39mDEBUG   | Not Supported: VK_FORMAT_R16G16B16_SFLOAT VK_IMAGE_TYPE_2D VK_IMAGE_TILING_OPTIMAL VK_IMAGE_USAGE_SAMPLED_BIT
[0;39m[0;39mDEBUG   | Not Supported: VK_FORMAT_R16G16B16_SFLOAT VK_IMAGE_TYPE_2D VK_IMAGE_TILING_OPTIMAL VK_IMAGE_USAGE_TRANSFER_SRC_BIT
[0;39m[0;39mDEBUG   | Not Supported: VK_FORMAT_R16G16B16_SFLOAT VK_IMAGE_TYPE_2D VK_IMAGE_TILING_OPTIMAL VK_IMAGE_USAGE_TRANSFER_DST_BIT
[0;39m[0;39mDEBUG   | Supported: VK_FORMAT_B8G8R8A8_UNORM VK_IMAGE_TYPE_2D VK_IMAGE_TILING_LINEAR VK_IMAGE_USAGE_COLOR_ATTACHMENT_BIT, supportsExternalMemory? 1, requiresDedicated? 0
[0;39m[0;39mDEBUG   | Not Supported: VK_FORMAT_B8G8R8A8_UNORM VK_IMAGE_TYPE_2D VK_IMAGE_TILING_LINEAR VK_IMAGE_USAGE_INPUT_ATTACHMENT_BIT
[0;39m[0;39mDEBUG   | Supported: VK_FORMAT_B8G8R8A8_UNORM VK_IMAGE_TYPE_2D VK_IMAGE_TILING_LINEAR VK_IMAGE_USAGE_SAMPLED_BIT, supportsExternalMemory? 1, requiresDedicated? 0
[0;39m[0;39mDEBUG   | Supported: VK_FORMAT_B8G8R8A8_UNORM VK_IMAGE_TYPE_2D VK_IMAGE_TILING_LINEAR VK_IMAGE_USAGE_TRANSFER_SRC_BIT, supportsExternalMemory? 1, requiresDedicated? 0
[0;39m[0;39mDEBUG   | Supported: VK_FORMAT_B8G8R8A8_UNORM VK_IMAGE_TYPE_2D VK_IMAGE_TILING_LINEAR VK_IMAGE_USAGE_TRANSFER_DST_BIT, supportsExternalMemory? 1, requiresDedicated? 0
[0;39m[0;39mDEBUG   | Supported: VK_FORMAT_B8G8R8A8_UNORM VK_IMAGE_TYPE_2D VK_IMAGE_TILING_OPTIMAL VK_IMAGE_USAGE_COLOR_ATTACHMENT_BIT, supportsExternalMemory? 1, requiresDedicated? 0
[0;39m[0;39mDEBUG   | Supported: VK_FORMAT_B8G8R8A8_UNORM VK_IMAGE_TYPE_2D VK_IMAGE_TILING_OPTIMAL VK_IMAGE_USAGE_INPUT_ATTACHMENT_BIT, supportsExternalMemory? 1, requiresDedicated? 0
[0;39m[0;39mDEBUG   | Supported: VK_FORMAT_B8G8R8A8_UNORM VK_IMAGE_TYPE_2D VK_IMAGE_TILING_OPTIMAL VK_IMAGE_USAGE_SAMPLED_BIT, supportsExternalMemory? 1, requiresDedicated? 0
[0;39m[0;39mDEBUG   | Supported: VK_FORMAT_B8G8R8A8_UNORM VK_IMAGE_TYPE_2D VK_IMAGE_TILING_OPTIMAL VK_IMAGE_USAGE_TRANSFER_SRC_BIT, supportsExternalMemory? 1, requiresDedicated? 0
[0;39m[0;39mDEBUG   | Supported: VK_FORMAT_B8G8R8A8_UNORM VK_IMAGE_TYPE_2D VK_IMAGE_TILING_OPTIMAL VK_IMAGE_USAGE_TRANSFER_DST_BIT, supportsExternalMemory? 1, requiresDedicated? 0
[0;39m[0;39mDEBUG   | Supported: VK_FORMAT_B4G4R4A4_UNORM_PACK16 VK_IMAGE_TYPE_2D VK_IMAGE_TILING_LINEAR VK_IMAGE_USAGE_COLOR_ATTACHMENT_BIT, supportsExternalMemory? 1, requiresDedicated? 0
[0;39m[0;39mDEBUG   | Not Supported: VK_FORMAT_B4G4R4A4_UNORM_PACK16 VK_IMAGE_TYPE_2D VK_IMAGE_TILING_LINEAR VK_IMAGE_USAGE_INPUT_ATTACHMENT_BIT
[0;39m[0;39mDEBUG   | Supported: VK_FORMAT_B4G4R4A4_UNORM_PACK16 VK_IMAGE_TYPE_2D VK_IMAGE_TILING_LINEAR VK_IMAGE_USAGE_SAMPLED_BIT, supportsExternalMemory? 1, requiresDedicated? 0
[0;39m[0;39mDEBUG   | Supported: VK_FORMAT_B4G4R4A4_UNORM_PACK16 VK_IMAGE_TYPE_2D VK_IMAGE_TILING_LINEAR VK_IMAGE_USAGE_TRANSFER_SRC_BIT, supportsExternalMemory? 1, requiresDedicated? 0
[0;39m[0;39mDEBUG   | Supported: VK_FORMAT_B4G4R4A4_UNORM_PACK16 VK_IMAGE_TYPE_2D VK_IMAGE_TILING_LINEAR VK_IMAGE_USAGE_TRANSFER_DST_BIT, supportsExternalMemory? 1, requiresDedicated? 0
[0;39m[0;39mDEBUG   | Supported: VK_FORMAT_B4G4R4A4_UNORM_PACK16 VK_IMAGE_TYPE_2D VK_IMAGE_TILING_OPTIMAL VK_IMAGE_USAGE_COLOR_ATTACHMENT_BIT, supportsExternalMemory? 1, requiresDedicated? 0
[0;39m[0;39mDEBUG   | Supported: VK_FORMAT_B4G4R4A4_UNORM_PACK16 VK_IMAGE_TYPE_2D VK_IMAGE_TILING_OPTIMAL VK_IMAGE_USAGE_INPUT_ATTACHMENT_BIT, supportsExternalMemory? 1, requiresDedicated? 0
[0;39m[0;39mDEBUG   | Supported: VK_FORMAT_B4G4R4A4_UNORM_PACK16 VK_IMAGE_TYPE_2D VK_IMAGE_TILING_OPTIMAL VK_IMAGE_USAGE_SAMPLED_BIT, supportsExternalMemory? 1, requiresDedicated? 0
[0;39m[0;39mDEBUG   | Supported: VK_FORMAT_B4G4R4A4_UNORM_PACK16 VK_IMAGE_TYPE_2D VK_IMAGE_TILING_OPTIMAL VK_IMAGE_USAGE_TRANSFER_SRC_BIT, supportsExternalMemory? 1, requiresDedicated? 0
[0;39m[0;39mDEBUG   | Supported: VK_FORMAT_B4G4R4A4_UNORM_PACK16 VK_IMAGE_TYPE_2D VK_IMAGE_TILING_OPTIMAL VK_IMAGE_USAGE_TRANSFER_DST_BIT, supportsExternalMemory? 1, requiresDedicated? 0
[0;39m[0;39mDEBUG   | Supported: VK_FORMAT_R4G4B4A4_UNORM_PACK16 VK_IMAGE_TYPE_2D VK_IMAGE_TILING_LINEAR VK_IMAGE_USAGE_COLOR_ATTACHMENT_BIT, supportsExternalMemory? 1, requiresDedicated? 0
[0;39m[0;39mDEBUG   | Not Supported: VK_FORMAT_R4G4B4A4_UNORM_PACK16 VK_IMAGE_TYPE_2D VK_IMAGE_TILING_LINEAR VK_IMAGE_USAGE_INPUT_ATTACHMENT_BIT
[0;39m[0;39mDEBUG   | Supported: VK_FORMAT_R4G4B4A4_UNORM_PACK16 VK_IMAGE_TYPE_2D VK_IMAGE_TILING_LINEAR VK_IMAGE_USAGE_SAMPLED_BIT, supportsExternalMemory? 1, requiresDedicated? 0
[0;39m[0;39mDEBUG   | Supported: VK_FORMAT_R4G4B4A4_UNORM_PACK16 VK_IMAGE_TYPE_2D VK_IMAGE_TILING_LINEAR VK_IMAGE_USAGE_TRANSFER_SRC_BIT, supportsExternalMemory? 1, requiresDedicated? 0
[0;39m[0;39mDEBUG   | Supported: VK_FORMAT_R4G4B4A4_UNORM_PACK16 VK_IMAGE_TYPE_2D VK_IMAGE_TILING_LINEAR VK_IMAGE_USAGE_TRANSFER_DST_BIT, supportsExternalMemory? 1, requiresDedicated? 0
[0;39m[0;39mDEBUG   | Supported: VK_FORMAT_R4G4B4A4_UNORM_PACK16 VK_IMAGE_TYPE_2D VK_IMAGE_TILING_OPTIMAL VK_IMAGE_USAGE_COLOR_ATTACHMENT_BIT, supportsExternalMemory? 1, requiresDedicated? 0
[0;39m[0;39mDEBUG   | Supported: VK_FORMAT_R4G4B4A4_UNORM_PACK16 VK_IMAGE_TYPE_2D VK_IMAGE_TILING_OPTIMAL VK_IMAGE_USAGE_INPUT_ATTACHMENT_BIT, supportsExternalMemory? 1, requiresDedicated? 0
[0;39m[0;39mDEBUG   | Supported: VK_FORMAT_R4G4B4A4_UNORM_PACK16 VK_IMAGE_TYPE_2D VK_IMAGE_TILING_OPTIMAL VK_IMAGE_USAGE_SAMPLED_BIT, supportsExternalMemory? 1, requiresDedicated? 0
[0;39m[0;39mDEBUG   | Supported: VK_FORMAT_R4G4B4A4_UNORM_PACK16 VK_IMAGE_TYPE_2D VK_IMAGE_TILING_OPTIMAL VK_IMAGE_USAGE_TRANSFER_SRC_BIT, supportsExternalMemory? 1, requiresDedicated? 0
[0;39m[0;39mDEBUG   | Supported: VK_FORMAT_R4G4B4A4_UNORM_PACK16 VK_IMAGE_TYPE_2D VK_IMAGE_TILING_OPTIMAL VK_IMAGE_USAGE_TRANSFER_DST_BIT, supportsExternalMemory? 1, requiresDedicated? 0
[0;39m[0;39mDEBUG   | Supported: VK_FORMAT_R8_UNORM VK_IMAGE_TYPE_2D VK_IMAGE_TILING_LINEAR VK_IMAGE_USAGE_COLOR_ATTACHMENT_BIT, supportsExternalMemory? 1, requiresDedicated? 0
[0;39m[0;39mDEBUG   | Not Supported: VK_FORMAT_R8_UNORM VK_IMAGE_TYPE_2D VK_IMAGE_TILING_LINEAR VK_IMAGE_USAGE_INPUT_ATTACHMENT_BIT
[0;39m[0;39mDEBUG   | Supported: VK_FORMAT_R8_UNORM VK_IMAGE_TYPE_2D VK_IMAGE_TILING_LINEAR VK_IMAGE_USAGE_SAMPLED_BIT, supportsExternalMemory? 1, requiresDedicated? 0
[0;39m[0;39mDEBUG   | Supported: VK_FORMAT_R8_UNORM VK_IMAGE_TYPE_2D VK_IMAGE_TILING_LINEAR VK_IMAGE_USAGE_TRANSFER_SRC_BIT, supportsExternalMemory? 1, requiresDedicated? 0
[0;39m[0;39mDEBUG   | Supported: VK_FORMAT_R8_UNORM VK_IMAGE_TYPE_2D VK_IMAGE_TILING_LINEAR VK_IMAGE_USAGE_TRANSFER_DST_BIT, supportsExternalMemory? 1, requiresDedicated? 0
[0;39m[0;39mDEBUG   | Supported: VK_FORMAT_R8_UNORM VK_IMAGE_TYPE_2D VK_IMAGE_TILING_OPTIMAL VK_IMAGE_USAGE_COLOR_ATTACHMENT_BIT, supportsExternalMemory? 1, requiresDedicated? 0
[0;39m[0;39mDEBUG   | Supported: VK_FORMAT_R8_UNORM VK_IMAGE_TYPE_2D VK_IMAGE_TILING_OPTIMAL VK_IMAGE_USAGE_INPUT_ATTACHMENT_BIT, supportsExternalMemory? 1, requiresDedicated? 0
[0;39m[0;39mDEBUG   | Supported: VK_FORMAT_R8_UNORM VK_IMAGE_TYPE_2D VK_IMAGE_TILING_OPTIMAL VK_IMAGE_USAGE_SAMPLED_BIT, supportsExternalMemory? 1, requiresDedicated? 0
[0;39m[0;39mDEBUG   | Supported: VK_FORMAT_R8_UNORM VK_IMAGE_TYPE_2D VK_IMAGE_TILING_OPTIMAL VK_IMAGE_USAGE_TRANSFER_SRC_BIT, supportsExternalMemory? 1, requiresDedicated? 0
[0;39m[0;39mDEBUG   | Supported: VK_FORMAT_R8_UNORM VK_IMAGE_TYPE_2D VK_IMAGE_TILING_OPTIMAL VK_IMAGE_USAGE_TRANSFER_DST_BIT, supportsExternalMemory? 1, requiresDedicated? 0
[0;39m[0;39mDEBUG   | Supported: VK_FORMAT_R16_UNORM VK_IMAGE_TYPE_2D VK_IMAGE_TILING_LINEAR VK_IMAGE_USAGE_COLOR_ATTACHMENT_BIT, supportsExternalMemory? 1, requiresDedicated? 0
[0;39m[0;39mDEBUG   | Not Supported: VK_FORMAT_R16_UNORM VK_IMAGE_TYPE_2D VK_IMAGE_TILING_LINEAR VK_IMAGE_USAGE_INPUT_ATTACHMENT_BIT
[0;39m[0;39mDEBUG   | Supported: VK_FORMAT_R16_UNORM VK_IMAGE_TYPE_2D VK_IMAGE_TILING_LINEAR VK_IMAGE_USAGE_SAMPLED_BIT, supportsExternalMemory? 1, requiresDedicated? 0
[0;39m[0;39mDEBUG   | Supported: VK_FORMAT_R16_UNORM VK_IMAGE_TYPE_2D VK_IMAGE_TILING_LINEAR VK_IMAGE_USAGE_TRANSFER_SRC_BIT, supportsExternalMemory? 1, requiresDedicated? 0
[0;39m[0;39mDEBUG   | Supported: VK_FORMAT_R16_UNORM VK_IMAGE_TYPE_2D VK_IMAGE_TILING_LINEAR VK_IMAGE_USAGE_TRANSFER_DST_BIT, supportsExternalMemory? 1, requiresDedicated? 0
[0;39m[0;39mDEBUG   | Supported: VK_FORMAT_R16_UNORM VK_IMAGE_TYPE_2D VK_IMAGE_TILING_OPTIMAL VK_IMAGE_USAGE_COLOR_ATTACHMENT_BIT, supportsExternalMemory? 1, requiresDedicated? 0
[0;39m[0;39mDEBUG   | Supported: VK_FORMAT_R16_UNORM VK_IMAGE_TYPE_2D VK_IMAGE_TILING_OPTIMAL VK_IMAGE_USAGE_INPUT_ATTACHMENT_BIT, supportsExternalMemory? 1, requiresDedicated? 0
[0;39m[0;39mDEBUG   | Supported: VK_FORMAT_R16_UNORM VK_IMAGE_TYPE_2D VK_IMAGE_TILING_OPTIMAL VK_IMAGE_USAGE_SAMPLED_BIT, supportsExternalMemory? 1, requiresDedicated? 0
[0;39m[0;39mDEBUG   | Supported: VK_FORMAT_R16_UNORM VK_IMAGE_TYPE_2D VK_IMAGE_TILING_OPTIMAL VK_IMAGE_USAGE_TRANSFER_SRC_BIT, supportsExternalMemory? 1, requiresDedicated? 0
[0;39m[0;39mDEBUG   | Supported: VK_FORMAT_R16_UNORM VK_IMAGE_TYPE_2D VK_IMAGE_TILING_OPTIMAL VK_IMAGE_USAGE_TRANSFER_DST_BIT, supportsExternalMemory? 1, requiresDedicated? 0
[0;39m[0;39mDEBUG   | Not Supported: VK_FORMAT_A2R10G10B10_UINT_PACK32 VK_IMAGE_TYPE_2D VK_IMAGE_TILING_LINEAR VK_IMAGE_USAGE_COLOR_ATTACHMENT_BIT
[0;39m[0;39mDEBUG   | Not Supported: VK_FORMAT_A2R10G10B10_UINT_PACK32 VK_IMAGE_TYPE_2D VK_IMAGE_TILING_LINEAR VK_IMAGE_USAGE_INPUT_ATTACHMENT_BIT
[0;39m[0;39mDEBUG   | Supported: VK_FORMAT_A2R10G10B10_UINT_PACK32 VK_IMAGE_TYPE_2D VK_IMAGE_TILING_LINEAR VK_IMAGE_USAGE_SAMPLED_BIT, supportsExternalMemory? 1, requiresDedicated? 0
[0;39m[0;39mDEBUG   | Supported: VK_FORMAT_A2R10G10B10_UINT_PACK32 VK_IMAGE_TYPE_2D VK_IMAGE_TILING_LINEAR VK_IMAGE_USAGE_TRANSFER_SRC_BIT, supportsExternalMemory? 1, requiresDedicated? 0
[0;39m[0;39mDEBUG   | Supported: VK_FORMAT_A2R10G10B10_UINT_PACK32 VK_IMAGE_TYPE_2D VK_IMAGE_TILING_LINEAR VK_IMAGE_USAGE_TRANSFER_DST_BIT, supportsExternalMemory? 1, requiresDedicated? 0
[0;39m[0;39mDEBUG   | Not Supported: VK_FORMAT_A2R10G10B10_UINT_PACK32 VK_IMAGE_TYPE_2D VK_IMAGE_TILING_OPTIMAL VK_IMAGE_USAGE_COLOR_ATTACHMENT_BIT
[0;39m[0;39mDEBUG   | Not Supported: VK_FORMAT_A2R10G10B10_UINT_PACK32 VK_IMAGE_TYPE_2D VK_IMAGE_TILING_OPTIMAL VK_IMAGE_USAGE_INPUT_ATTACHMENT_BIT
[0;39m[0;39mDEBUG   | Supported: VK_FORMAT_A2R10G10B10_UINT_PACK32 VK_IMAGE_TYPE_2D VK_IMAGE_TILING_OPTIMAL VK_IMAGE_USAGE_SAMPLED_BIT, supportsExternalMemory? 1, requiresDedicated? 0
[0;39m[0;39mDEBUG   | Supported: VK_FORMAT_A2R10G10B10_UINT_PACK32 VK_IMAGE_TYPE_2D VK_IMAGE_TILING_OPTIMAL VK_IMAGE_USAGE_TRANSFER_SRC_BIT, supportsExternalMemory? 1, requiresDedicated? 0
[0;39m[0;39mDEBUG   | Supported: VK_FORMAT_A2R10G10B10_UINT_PACK32 VK_IMAGE_TYPE_2D VK_IMAGE_TILING_OPTIMAL VK_IMAGE_USAGE_TRANSFER_DST_BIT, supportsExternalMemory? 1, requiresDedicated? 0
[0;39m[0;39mDEBUG   | Supported: VK_FORMAT_A2R10G10B10_UNORM_PACK32 VK_IMAGE_TYPE_2D VK_IMAGE_TILING_LINEAR VK_IMAGE_USAGE_COLOR_ATTACHMENT_BIT, supportsExternalMemory? 1, requiresDedicated? 0
[0;39m[0;39mDEBUG   | Not Supported: VK_FORMAT_A2R10G10B10_UNORM_PACK32 VK_IMAGE_TYPE_2D VK_IMAGE_TILING_LINEAR VK_IMAGE_USAGE_INPUT_ATTACHMENT_BIT
[0;39m[0;39mDEBUG   | Supported: VK_FORMAT_A2R10G10B10_UNORM_PACK32 VK_IMAGE_TYPE_2D VK_IMAGE_TILING_LINEAR VK_IMAGE_USAGE_SAMPLED_BIT, supportsExternalMemory? 1, requiresDedicated? 0
[0;39m[0;39mDEBUG   | Supported: VK_FORMAT_A2R10G10B10_UNORM_PACK32 VK_IMAGE_TYPE_2D VK_IMAGE_TILING_LINEAR VK_IMAGE_USAGE_TRANSFER_SRC_BIT, supportsExternalMemory? 1, requiresDedicated? 0
[0;39m[0;39mDEBUG   | Supported: VK_FORMAT_A2R10G10B10_UNORM_PACK32 VK_IMAGE_TYPE_2D VK_IMAGE_TILING_LINEAR VK_IMAGE_USAGE_TRANSFER_DST_BIT, supportsExternalMemory? 1, requiresDedicated? 0
[0;39m[0;39mDEBUG   | Supported: VK_FORMAT_A2R10G10B10_UNORM_PACK32 VK_IMAGE_TYPE_2D VK_IMAGE_TILING_OPTIMAL VK_IMAGE_USAGE_COLOR_ATTACHMENT_BIT, supportsExternalMemory? 1, requiresDedicated? 0
[0;39m[0;39mDEBUG   | Supported: VK_FORMAT_A2R10G10B10_UNORM_PACK32 VK_IMAGE_TYPE_2D VK_IMAGE_TILING_OPTIMAL VK_IMAGE_USAGE_INPUT_ATTACHMENT_BIT, supportsExternalMemory? 1, requiresDedicated? 0
[0;39m[0;39mDEBUG   | Supported: VK_FORMAT_A2R10G10B10_UNORM_PACK32 VK_IMAGE_TYPE_2D VK_IMAGE_TILING_OPTIMAL VK_IMAGE_USAGE_SAMPLED_BIT, supportsExternalMemory? 1, requiresDedicated? 0
[0;39m[0;39mDEBUG   | Supported: VK_FORMAT_A2R10G10B10_UNORM_PACK32 VK_IMAGE_TYPE_2D VK_IMAGE_TILING_OPTIMAL VK_IMAGE_USAGE_TRANSFER_SRC_BIT, supportsExternalMemory? 1, requiresDedicated? 0
[0;39m[0;39mDEBUG   | Supported: VK_FORMAT_A2R10G10B10_UNORM_PACK32 VK_IMAGE_TYPE_2D VK_IMAGE_TILING_OPTIMAL VK_IMAGE_USAGE_TRANSFER_DST_BIT, supportsExternalMemory? 1, requiresDedicated? 0
[0;39m[0;39mDEBUG   | Supported: VK_FORMAT_A2B10G10R10_UNORM_PACK32 VK_IMAGE_TYPE_2D VK_IMAGE_TILING_LINEAR VK_IMAGE_USAGE_COLOR_ATTACHMENT_BIT, supportsExternalMemory? 1, requiresDedicated? 0
[0;39m[0;39mDEBUG   | Not Supported: VK_FORMAT_A2B10G10R10_UNORM_PACK32 VK_IMAGE_TYPE_2D VK_IMAGE_TILING_LINEAR VK_IMAGE_USAGE_INPUT_ATTACHMENT_BIT
[0;39m[0;39mDEBUG   | Supported: VK_FORMAT_A2B10G10R10_UNORM_PACK32 VK_IMAGE_TYPE_2D VK_IMAGE_TILING_LINEAR VK_IMAGE_USAGE_SAMPLED_BIT, supportsExternalMemory? 1, requiresDedicated? 0
[0;39m[0;39mDEBUG   | Supported: VK_FORMAT_A2B10G10R10_UNORM_PACK32 VK_IMAGE_TYPE_2D VK_IMAGE_TILING_LINEAR VK_IMAGE_USAGE_TRANSFER_SRC_BIT, supportsExternalMemory? 1, requiresDedicated? 0
[0;39m[0;39mDEBUG   | Supported: VK_FORMAT_A2B10G10R10_UNORM_PACK32 VK_IMAGE_TYPE_2D VK_IMAGE_TILING_LINEAR VK_IMAGE_USAGE_TRANSFER_DST_BIT, supportsExternalMemory? 1, requiresDedicated? 0
[0;39m[0;39mDEBUG   | Supported: VK_FORMAT_A2B10G10R10_UNORM_PACK32 VK_IMAGE_TYPE_2D VK_IMAGE_TILING_OPTIMAL VK_IMAGE_USAGE_COLOR_ATTACHMENT_BIT, supportsExternalMemory? 1, requiresDedicated? 0
[0;39m[0;39mDEBUG   | Supported: VK_FORMAT_A2B10G10R10_UNORM_PACK32 VK_IMAGE_TYPE_2D VK_IMAGE_TILING_OPTIMAL VK_IMAGE_USAGE_INPUT_ATTACHMENT_BIT, supportsExternalMemory? 1, requiresDedicated? 0
[0;39m[0;39mDEBUG   | Supported: VK_FORMAT_A2B10G10R10_UNORM_PACK32 VK_IMAGE_TYPE_2D VK_IMAGE_TILING_OPTIMAL VK_IMAGE_USAGE_SAMPLED_BIT, supportsExternalMemory? 1, requiresDedicated? 0
[0;39m[0;39mDEBUG   | Supported: VK_FORMAT_A2B10G10R10_UNORM_PACK32 VK_IMAGE_TYPE_2D VK_IMAGE_TILING_OPTIMAL VK_IMAGE_USAGE_TRANSFER_SRC_BIT, supportsExternalMemory? 1, requiresDedicated? 0
[0;39m[0;39mDEBUG   | Supported: VK_FORMAT_A2B10G10R10_UNORM_PACK32 VK_IMAGE_TYPE_2D VK_IMAGE_TILING_OPTIMAL VK_IMAGE_USAGE_TRANSFER_DST_BIT, supportsExternalMemory? 1, requiresDedicated? 0
[0;39m[0;39mDEBUG   | Not Supported: VK_FORMAT_ETC2_R8G8B8A8_UNORM_BLOCK VK_IMAGE_TYPE_2D VK_IMAGE_TILING_LINEAR VK_IMAGE_USAGE_COLOR_ATTACHMENT_BIT
[0;39m[0;39mDEBUG   | Not Supported: VK_FORMAT_ETC2_R8G8B8A8_UNORM_BLOCK VK_IMAGE_TYPE_2D VK_IMAGE_TILING_LINEAR VK_IMAGE_USAGE_INPUT_ATTACHMENT_BIT
[0;39m[0;39mDEBUG   | Not Supported: VK_FORMAT_ETC2_R8G8B8A8_UNORM_BLOCK VK_IMAGE_TYPE_2D VK_IMAGE_TILING_LINEAR VK_IMAGE_USAGE_SAMPLED_BIT
[0;39m[0;39mDEBUG   | Not Supported: VK_FORMAT_ETC2_R8G8B8A8_UNORM_BLOCK VK_IMAGE_TYPE_2D VK_IMAGE_TILING_LINEAR VK_IMAGE_USAGE_TRANSFER_SRC_BIT
[0;39m[0;39mDEBUG   | Not Supported: VK_FORMAT_ETC2_R8G8B8A8_UNORM_BLOCK VK_IMAGE_TYPE_2D VK_IMAGE_TILING_LINEAR VK_IMAGE_USAGE_TRANSFER_DST_BIT
[0;39m[0;39mDEBUG   | Not Supported: VK_FORMAT_ETC2_R8G8B8A8_UNORM_BLOCK VK_IMAGE_TYPE_2D VK_IMAGE_TILING_OPTIMAL VK_IMAGE_USAGE_COLOR_ATTACHMENT_BIT
[0;39m[0;39mDEBUG   | Not Supported: VK_FORMAT_ETC2_R8G8B8A8_UNORM_BLOCK VK_IMAGE_TYPE_2D VK_IMAGE_TILING_OPTIMAL VK_IMAGE_USAGE_INPUT_ATTACHMENT_BIT
[0;39m[0;39mDEBUG   | Not Supported: VK_FORMAT_ETC2_R8G8B8A8_UNORM_BLOCK VK_IMAGE_TYPE_2D VK_IMAGE_TILING_OPTIMAL VK_IMAGE_USAGE_SAMPLED_BIT
[0;39m[0;39mDEBUG   | Not Supported: VK_FORMAT_ETC2_R8G8B8A8_UNORM_BLOCK VK_IMAGE_TYPE_2D VK_IMAGE_TILING_OPTIMAL VK_IMAGE_USAGE_TRANSFER_SRC_BIT
[0;39m[0;39mDEBUG   | Not Supported: VK_FORMAT_ETC2_R8G8B8A8_UNORM_BLOCK VK_IMAGE_TYPE_2D VK_IMAGE_TILING_OPTIMAL VK_IMAGE_USAGE_TRANSFER_DST_BIT
[0;39m[0;39mDEBUG   | Not Supported: VK_FORMAT_ASTC_4x4_UNORM_BLOCK VK_IMAGE_TYPE_2D VK_IMAGE_TILING_LINEAR VK_IMAGE_USAGE_COLOR_ATTACHMENT_BIT
[0;39m[0;39mDEBUG   | Not Supported: VK_FORMAT_ASTC_4x4_UNORM_BLOCK VK_IMAGE_TYPE_2D VK_IMAGE_TILING_LINEAR VK_IMAGE_USAGE_INPUT_ATTACHMENT_BIT
[0;39m[0;39mDEBUG   | Not Supported: VK_FORMAT_ASTC_4x4_UNORM_BLOCK VK_IMAGE_TYPE_2D VK_IMAGE_TILING_LINEAR VK_IMAGE_USAGE_SAMPLED_BIT
[0;39m[0;39mDEBUG   | Not Supported: VK_FORMAT_ASTC_4x4_UNORM_BLOCK VK_IMAGE_TYPE_2D VK_IMAGE_TILING_LINEAR VK_IMAGE_USAGE_TRANSFER_SRC_BIT
[0;39m[0;39mDEBUG   | Not Supported: VK_FORMAT_ASTC_4x4_UNORM_BLOCK VK_IMAGE_TYPE_2D VK_IMAGE_TILING_LINEAR VK_IMAGE_USAGE_TRANSFER_DST_BIT
[0;39m[0;39mDEBUG   | Not Supported: VK_FORMAT_ASTC_4x4_UNORM_BLOCK VK_IMAGE_TYPE_2D VK_IMAGE_TILING_OPTIMAL VK_IMAGE_USAGE_COLOR_ATTACHMENT_BIT
[0;39m[0;39mDEBUG   | Not Supported: VK_FORMAT_ASTC_4x4_UNORM_BLOCK VK_IMAGE_TYPE_2D VK_IMAGE_TILING_OPTIMAL VK_IMAGE_USAGE_INPUT_ATTACHMENT_BIT
[0;39m[0;39mDEBUG   | Not Supported: VK_FORMAT_ASTC_4x4_UNORM_BLOCK VK_IMAGE_TYPE_2D VK_IMAGE_TILING_OPTIMAL VK_IMAGE_USAGE_SAMPLED_BIT
[0;39m[0;39mDEBUG   | Not Supported: VK_FORMAT_ASTC_4x4_UNORM_BLOCK VK_IMAGE_TYPE_2D VK_IMAGE_TILING_OPTIMAL VK_IMAGE_USAGE_TRANSFER_SRC_BIT
[0;39m[0;39mDEBUG   | Not Supported: VK_FORMAT_ASTC_4x4_UNORM_BLOCK VK_IMAGE_TYPE_2D VK_IMAGE_TILING_OPTIMAL VK_IMAGE_USAGE_TRANSFER_DST_BIT
[0;39m[0;39mDEBUG   | Not Supported: VK_FORMAT_G8_B8R8_2PLANE_420_UNORM VK_IMAGE_TYPE_2D VK_IMAGE_TILING_LINEAR VK_IMAGE_USAGE_COLOR_ATTACHMENT_BIT
[0;39m[0;39mDEBUG   | Not Supported: VK_FORMAT_G8_B8R8_2PLANE_420_UNORM VK_IMAGE_TYPE_2D VK_IMAGE_TILING_LINEAR VK_IMAGE_USAGE_INPUT_ATTACHMENT_BIT
[0;39m[0;39mDEBUG   | Supported: VK_FORMAT_G8_B8R8_2PLANE_420_UNORM VK_IMAGE_TYPE_2D VK_IMAGE_TILING_LINEAR VK_IMAGE_USAGE_SAMPLED_BIT, supportsExternalMemory? 1, requiresDedicated? 0
[0;39m[0;39mDEBUG   | Supported: VK_FORMAT_G8_B8R8_2PLANE_420_UNORM VK_IMAGE_TYPE_2D VK_IMAGE_TILING_LINEAR VK_IMAGE_USAGE_TRANSFER_SRC_BIT, supportsExternalMemory? 1, requiresDedicated? 0
[0;39m[0;39mDEBUG   | Supported: VK_FORMAT_G8_B8R8_2PLANE_420_UNORM VK_IMAGE_TYPE_2D VK_IMAGE_TILING_LINEAR VK_IMAGE_USAGE_TRANSFER_DST_BIT, supportsExternalMemory? 1, requiresDedicated? 0
[0;39m[0;39mDEBUG   | Not Supported: VK_FORMAT_G8_B8R8_2PLANE_420_UNORM VK_IMAGE_TYPE_2D VK_IMAGE_TILING_OPTIMAL VK_IMAGE_USAGE_COLOR_ATTACHMENT_BIT
[0;39m[0;39mDEBUG   | Not Supported: VK_FORMAT_G8_B8R8_2PLANE_420_UNORM VK_IMAGE_TYPE_2D VK_IMAGE_TILING_OPTIMAL VK_IMAGE_USAGE_INPUT_ATTACHMENT_BIT
[0;39m[0;39mDEBUG   | Supported: VK_FORMAT_G8_B8R8_2PLANE_420_UNORM VK_IMAGE_TYPE_2D VK_IMAGE_TILING_OPTIMAL VK_IMAGE_USAGE_SAMPLED_BIT, supportsExternalMemory? 1, requiresDedicated? 0
[0;39m[0;39mDEBUG   | Supported: VK_FORMAT_G8_B8R8_2PLANE_420_UNORM VK_IMAGE_TYPE_2D VK_IMAGE_TILING_OPTIMAL VK_IMAGE_USAGE_TRANSFER_SRC_BIT, supportsExternalMemory? 1, requiresDedicated? 0
[0;39m[0;39mDEBUG   | Supported: VK_FORMAT_G8_B8R8_2PLANE_420_UNORM VK_IMAGE_TYPE_2D VK_IMAGE_TILING_OPTIMAL VK_IMAGE_USAGE_TRANSFER_DST_BIT, supportsExternalMemory? 1, requiresDedicated? 0
[0;39m[0;39mDEBUG   | Not Supported: VK_FORMAT_G8_B8R8_2PLANE_422_UNORM VK_IMAGE_TYPE_2D VK_IMAGE_TILING_LINEAR VK_IMAGE_USAGE_COLOR_ATTACHMENT_BIT
[0;39m[0;39mDEBUG   | Not Supported: VK_FORMAT_G8_B8R8_2PLANE_422_UNORM VK_IMAGE_TYPE_2D VK_IMAGE_TILING_LINEAR VK_IMAGE_USAGE_INPUT_ATTACHMENT_BIT
[0;39m[0;39mDEBUG   | Supported: VK_FORMAT_G8_B8R8_2PLANE_422_UNORM VK_IMAGE_TYPE_2D VK_IMAGE_TILING_LINEAR VK_IMAGE_USAGE_SAMPLED_BIT, supportsExternalMemory? 1, requiresDedicated? 0
[0;39m[0;39mDEBUG   | Supported: VK_FORMAT_G8_B8R8_2PLANE_422_UNORM VK_IMAGE_TYPE_2D VK_IMAGE_TILING_LINEAR VK_IMAGE_USAGE_TRANSFER_SRC_BIT, supportsExternalMemory? 1, requiresDedicated? 0
[0;39m[0;39mDEBUG   | Supported: VK_FORMAT_G8_B8R8_2PLANE_422_UNORM VK_IMAGE_TYPE_2D VK_IMAGE_TILING_LINEAR VK_IMAGE_USAGE_TRANSFER_DST_BIT, supportsExternalMemory? 1, requiresDedicated? 0
[0;39m[0;39mDEBUG   | Not Supported: VK_FORMAT_G8_B8R8_2PLANE_422_UNORM VK_IMAGE_TYPE_2D VK_IMAGE_TILING_OPTIMAL VK_IMAGE_USAGE_COLOR_ATTACHMENT_BIT
[0;39m[0;39mDEBUG   | Not Supported: VK_FORMAT_G8_B8R8_2PLANE_422_UNORM VK_IMAGE_TYPE_2D VK_IMAGE_TILING_OPTIMAL VK_IMAGE_USAGE_INPUT_ATTACHMENT_BIT
[0;39m[0;39mDEBUG   | Supported: VK_FORMAT_G8_B8R8_2PLANE_422_UNORM VK_IMAGE_TYPE_2D VK_IMAGE_TILING_OPTIMAL VK_IMAGE_USAGE_SAMPLED_BIT, supportsExternalMemory? 1, requiresDedicated? 0
[0;39m[0;39mDEBUG   | Supported: VK_FORMAT_G8_B8R8_2PLANE_422_UNORM VK_IMAGE_TYPE_2D VK_IMAGE_TILING_OPTIMAL VK_IMAGE_USAGE_TRANSFER_SRC_BIT, supportsExternalMemory? 1, requiresDedicated? 0
[0;39m[0;39mDEBUG   | Supported: VK_FORMAT_G8_B8R8_2PLANE_422_UNORM VK_IMAGE_TYPE_2D VK_IMAGE_TILING_OPTIMAL VK_IMAGE_USAGE_TRANSFER_DST_BIT, supportsExternalMemory? 1, requiresDedicated? 0
[0;39m[0;39mDEBUG   | Not Supported: VK_FORMAT_G8_B8_R8_3PLANE_420_UNORM VK_IMAGE_TYPE_2D VK_IMAGE_TILING_LINEAR VK_IMAGE_USAGE_COLOR_ATTACHMENT_BIT
[0;39m[0;39mDEBUG   | Not Supported: VK_FORMAT_G8_B8_R8_3PLANE_420_UNORM VK_IMAGE_TYPE_2D VK_IMAGE_TILING_LINEAR VK_IMAGE_USAGE_INPUT_ATTACHMENT_BIT
[0;39m[0;39mDEBUG   | Supported: VK_FORMAT_G8_B8_R8_3PLANE_420_UNORM VK_IMAGE_TYPE_2D VK_IMAGE_TILING_LINEAR VK_IMAGE_USAGE_SAMPLED_BIT, supportsExternalMemory? 1, requiresDedicated? 0
[0;39m[0;39mDEBUG   | Supported: VK_FORMAT_G8_B8_R8_3PLANE_420_UNORM VK_IMAGE_TYPE_2D VK_IMAGE_TILING_LINEAR VK_IMAGE_USAGE_TRANSFER_SRC_BIT, supportsExternalMemory? 1, requiresDedicated? 0
[0;39m[0;39mDEBUG   | Supported: VK_FORMAT_G8_B8_R8_3PLANE_420_UNORM VK_IMAGE_TYPE_2D VK_IMAGE_TILING_LINEAR VK_IMAGE_USAGE_TRANSFER_DST_BIT, supportsExternalMemory? 1, requiresDedicated? 0
[0;39m[0;39mDEBUG   | Not Supported: VK_FORMAT_G8_B8_R8_3PLANE_420_UNORM VK_IMAGE_TYPE_2D VK_IMAGE_TILING_OPTIMAL VK_IMAGE_USAGE_COLOR_ATTACHMENT_BIT
[0;39m[0;39mDEBUG   | Not Supported: VK_FORMAT_G8_B8_R8_3PLANE_420_UNORM VK_IMAGE_TYPE_2D VK_IMAGE_TILING_OPTIMAL VK_IMAGE_USAGE_INPUT_ATTACHMENT_BIT
[0;39m[0;39mDEBUG   | Supported: VK_FORMAT_G8_B8_R8_3PLANE_420_UNORM VK_IMAGE_TYPE_2D VK_IMAGE_TILING_OPTIMAL VK_IMAGE_USAGE_SAMPLED_BIT, supportsExternalMemory? 1, requiresDedicated? 0
[0;39m[0;39mDEBUG   | Supported: VK_FORMAT_G8_B8_R8_3PLANE_420_UNORM VK_IMAGE_TYPE_2D VK_IMAGE_TILING_OPTIMAL VK_IMAGE_USAGE_TRANSFER_SRC_BIT, supportsExternalMemory? 1, requiresDedicated? 0
[0;39m[0;39mDEBUG   | Supported: VK_FORMAT_G8_B8_R8_3PLANE_420_UNORM VK_IMAGE_TYPE_2D VK_IMAGE_TILING_OPTIMAL VK_IMAGE_USAGE_TRANSFER_DST_BIT, supportsExternalMemory? 1, requiresDedicated? 0
[0;39m[0;39mDEBUG   | Not Supported: VK_FORMAT_G8_B8_R8_3PLANE_422_UNORM VK_IMAGE_TYPE_2D VK_IMAGE_TILING_LINEAR VK_IMAGE_USAGE_COLOR_ATTACHMENT_BIT
[0;39m[0;39mDEBUG   | Not Supported: VK_FORMAT_G8_B8_R8_3PLANE_422_UNORM VK_IMAGE_TYPE_2D VK_IMAGE_TILING_LINEAR VK_IMAGE_USAGE_INPUT_ATTACHMENT_BIT
[0;39m[0;39mDEBUG   | Supported: VK_FORMAT_G8_B8_R8_3PLANE_422_UNORM VK_IMAGE_TYPE_2D VK_IMAGE_TILING_LINEAR VK_IMAGE_USAGE_SAMPLED_BIT, supportsExternalMemory? 1, requiresDedicated? 0
[0;39m[0;39mDEBUG   | Supported: VK_FORMAT_G8_B8_R8_3PLANE_422_UNORM VK_IMAGE_TYPE_2D VK_IMAGE_TILING_LINEAR VK_IMAGE_USAGE_TRANSFER_SRC_BIT, supportsExternalMemory? 1, requiresDedicated? 0
[0;39m[0;39mDEBUG   | Supported: VK_FORMAT_G8_B8_R8_3PLANE_422_UNORM VK_IMAGE_TYPE_2D VK_IMAGE_TILING_LINEAR VK_IMAGE_USAGE_TRANSFER_DST_BIT, supportsExternalMemory? 1, requiresDedicated? 0
[0;39m[0;39mDEBUG   | Not Supported: VK_FORMAT_G8_B8_R8_3PLANE_422_UNORM VK_IMAGE_TYPE_2D VK_IMAGE_TILING_OPTIMAL VK_IMAGE_USAGE_COLOR_ATTACHMENT_BIT
[0;39m[0;39mDEBUG   | Not Supported: VK_FORMAT_G8_B8_R8_3PLANE_422_UNORM VK_IMAGE_TYPE_2D VK_IMAGE_TILING_OPTIMAL VK_IMAGE_USAGE_INPUT_ATTACHMENT_BIT
[0;39m[0;39mDEBUG   | Supported: VK_FORMAT_G8_B8_R8_3PLANE_422_UNORM VK_IMAGE_TYPE_2D VK_IMAGE_TILING_OPTIMAL VK_IMAGE_USAGE_SAMPLED_BIT, supportsExternalMemory? 1, requiresDedicated? 0
[0;39m[0;39mDEBUG   | Supported: VK_FORMAT_G8_B8_R8_3PLANE_422_UNORM VK_IMAGE_TYPE_2D VK_IMAGE_TILING_OPTIMAL VK_IMAGE_USAGE_TRANSFER_SRC_BIT, supportsExternalMemory? 1, requiresDedicated? 0
[0;39m[0;39mDEBUG   | Supported: VK_FORMAT_G8_B8_R8_3PLANE_422_UNORM VK_IMAGE_TYPE_2D VK_IMAGE_TILING_OPTIMAL VK_IMAGE_USAGE_TRANSFER_DST_BIT, supportsExternalMemory? 1, requiresDedicated? 0
[0;39m[0;39mDEBUG   | Not Supported: VK_FORMAT_G10X6_B10X6R10X6_2PLANE_420_UNORM_3PACK16 VK_IMAGE_TYPE_2D VK_IMAGE_TILING_LINEAR VK_IMAGE_USAGE_COLOR_ATTACHMENT_BIT
[0;39m[0;39mDEBUG   | Not Supported: VK_FORMAT_G10X6_B10X6R10X6_2PLANE_420_UNORM_3PACK16 VK_IMAGE_TYPE_2D VK_IMAGE_TILING_LINEAR VK_IMAGE_USAGE_INPUT_ATTACHMENT_BIT
[0;39m[0;39mDEBUG   | Supported: VK_FORMAT_G10X6_B10X6R10X6_2PLANE_420_UNORM_3PACK16 VK_IMAGE_TYPE_2D VK_IMAGE_TILING_LINEAR VK_IMAGE_USAGE_SAMPLED_BIT, supportsExternalMemory? 1, requiresDedicated? 0
[0;39m[0;39mDEBUG   | Supported: VK_FORMAT_G10X6_B10X6R10X6_2PLANE_420_UNORM_3PACK16 VK_IMAGE_TYPE_2D VK_IMAGE_TILING_LINEAR VK_IMAGE_USAGE_TRANSFER_SRC_BIT, supportsExternalMemory? 1, requiresDedicated? 0
[0;39m[0;39mDEBUG   | Supported: VK_FORMAT_G10X6_B10X6R10X6_2PLANE_420_UNORM_3PACK16 VK_IMAGE_TYPE_2D VK_IMAGE_TILING_LINEAR VK_IMAGE_USAGE_TRANSFER_DST_BIT, supportsExternalMemory? 1, requiresDedicated? 0
[0;39m[0;39mDEBUG   | Not Supported: VK_FORMAT_G10X6_B10X6R10X6_2PLANE_420_UNORM_3PACK16 VK_IMAGE_TYPE_2D VK_IMAGE_TILING_OPTIMAL VK_IMAGE_USAGE_COLOR_ATTACHMENT_BIT
[0;39m[0;39mDEBUG   | Not Supported: VK_FORMAT_G10X6_B10X6R10X6_2PLANE_420_UNORM_3PACK16 VK_IMAGE_TYPE_2D VK_IMAGE_TILING_OPTIMAL VK_IMAGE_USAGE_INPUT_ATTACHMENT_BIT
[0;39m[0;39mDEBUG   | Supported: VK_FORMAT_G10X6_B10X6R10X6_2PLANE_420_UNORM_3PACK16 VK_IMAGE_TYPE_2D VK_IMAGE_TILING_OPTIMAL VK_IMAGE_USAGE_SAMPLED_BIT, supportsExternalMemory? 1, requiresDedicated? 0
[0;39m[0;39mDEBUG   | Supported: VK_FORMAT_G10X6_B10X6R10X6_2PLANE_420_UNORM_3PACK16 VK_IMAGE_TYPE_2D VK_IMAGE_TILING_OPTIMAL VK_IMAGE_USAGE_TRANSFER_SRC_BIT, supportsExternalMemory? 1, requiresDedicated? 0
[0;39m[0;39mDEBUG   | Supported: VK_FORMAT_G10X6_B10X6R10X6_2PLANE_420_UNORM_3PACK16 VK_IMAGE_TYPE_2D VK_IMAGE_TILING_OPTIMAL VK_IMAGE_USAGE_TRANSFER_DST_BIT, supportsExternalMemory? 1, requiresDedicated? 0
[0;39m[0;39mDEBUG   | Supported: VK_FORMAT_D16_UNORM VK_IMAGE_TYPE_2D VK_IMAGE_TILING_OPTIMAL VK_IMAGE_USAGE_DEPTH_STENCIL_ATTACHMENT_BIT, supportsExternalMemory? 1, requiresDedicated? 0
[0;39m[0;39mDEBUG   | Supported: VK_FORMAT_D16_UNORM VK_IMAGE_TYPE_2D VK_IMAGE_TILING_OPTIMAL VK_IMAGE_USAGE_INPUT_ATTACHMENT_BIT, supportsExternalMemory? 1, requiresDedicated? 0
[0;39m[0;39mDEBUG   | Supported: VK_FORMAT_D16_UNORM VK_IMAGE_TYPE_2D VK_IMAGE_TILING_OPTIMAL VK_IMAGE_USAGE_SAMPLED_BIT, supportsExternalMemory? 1, requiresDedicated? 0
[0;39m[0;39mDEBUG   | Supported: VK_FORMAT_D16_UNORM VK_IMAGE_TYPE_2D VK_IMAGE_TILING_OPTIMAL VK_IMAGE_USAGE_TRANSFER_SRC_BIT, supportsExternalMemory? 1, requiresDedicated? 0
[0;39m[0;39mDEBUG   | Supported: VK_FORMAT_D16_UNORM VK_IMAGE_TYPE_2D VK_IMAGE_TILING_OPTIMAL VK_IMAGE_USAGE_TRANSFER_DST_BIT, supportsExternalMemory? 1, requiresDedicated? 0
[0;39m[0;39mDEBUG   | Supported: VK_FORMAT_X8_D24_UNORM_PACK32 VK_IMAGE_TYPE_2D VK_IMAGE_TILING_OPTIMAL VK_IMAGE_USAGE_DEPTH_STENCIL_ATTACHMENT_BIT, supportsExternalMemory? 1, requiresDedicated? 0
[0;39m[0;39mDEBUG   | Supported: VK_FORMAT_X8_D24_UNORM_PACK32 VK_IMAGE_TYPE_2D VK_IMAGE_TILING_OPTIMAL VK_IMAGE_USAGE_INPUT_ATTACHMENT_BIT, supportsExternalMemory? 1, requiresDedicated? 0
[0;39m[0;39mDEBUG   | Supported: VK_FORMAT_X8_D24_UNORM_PACK32 VK_IMAGE_TYPE_2D VK_IMAGE_TILING_OPTIMAL VK_IMAGE_USAGE_SAMPLED_BIT, supportsExternalMemory? 1, requiresDedicated? 0
[0;39m[0;39mDEBUG   | Supported: VK_FORMAT_X8_D24_UNORM_PACK32 VK_IMAGE_TYPE_2D VK_IMAGE_TILING_OPTIMAL VK_IMAGE_USAGE_TRANSFER_SRC_BIT, supportsExternalMemory? 1, requiresDedicated? 0
[0;39m[0;39mDEBUG   | Supported: VK_FORMAT_X8_D24_UNORM_PACK32 VK_IMAGE_TYPE_2D VK_IMAGE_TILING_OPTIMAL VK_IMAGE_USAGE_TRANSFER_DST_BIT, supportsExternalMemory? 1, requiresDedicated? 0
[0;39m[0;39mDEBUG   | Supported: VK_FORMAT_D24_UNORM_S8_UINT VK_IMAGE_TYPE_2D VK_IMAGE_TILING_OPTIMAL VK_IMAGE_USAGE_DEPTH_STENCIL_ATTACHMENT_BIT, supportsExternalMemory? 1, requiresDedicated? 0
[0;39m[0;39mDEBUG   | Supported: VK_FORMAT_D24_UNORM_S8_UINT VK_IMAGE_TYPE_2D VK_IMAGE_TILING_OPTIMAL VK_IMAGE_USAGE_INPUT_ATTACHMENT_BIT, supportsExternalMemory? 1, requiresDedicated? 0
[0;39m[0;39mDEBUG   | Supported: VK_FORMAT_D24_UNORM_S8_UINT VK_IMAGE_TYPE_2D VK_IMAGE_TILING_OPTIMAL VK_IMAGE_USAGE_SAMPLED_BIT, supportsExternalMemory? 1, requiresDedicated? 0
[0;39m[0;39mDEBUG   | Supported: VK_FORMAT_D24_UNORM_S8_UINT VK_IMAGE_TYPE_2D VK_IMAGE_TILING_OPTIMAL VK_IMAGE_USAGE_TRANSFER_SRC_BIT, supportsExternalMemory? 1, requiresDedicated? 0
[0;39m[0;39mDEBUG   | Supported: VK_FORMAT_D24_UNORM_S8_UINT VK_IMAGE_TYPE_2D VK_IMAGE_TILING_OPTIMAL VK_IMAGE_USAGE_TRANSFER_DST_BIT, supportsExternalMemory? 1, requiresDedicated? 0
[0;39m[0;39mDEBUG   | Supported: VK_FORMAT_D32_SFLOAT VK_IMAGE_TYPE_2D VK_IMAGE_TILING_OPTIMAL VK_IMAGE_USAGE_DEPTH_STENCIL_ATTACHMENT_BIT, supportsExternalMemory? 1, requiresDedicated? 0
[0;39m[0;39mDEBUG   | Supported: VK_FORMAT_D32_SFLOAT VK_IMAGE_TYPE_2D VK_IMAGE_TILING_OPTIMAL VK_IMAGE_USAGE_INPUT_ATTACHMENT_BIT, supportsExternalMemory? 1, requiresDedicated? 0
[0;39m[0;39mDEBUG   | Supported: VK_FORMAT_D32_SFLOAT VK_IMAGE_TYPE_2D VK_IMAGE_TILING_OPTIMAL VK_IMAGE_USAGE_SAMPLED_BIT, supportsExternalMemory? 1, requiresDedicated? 0
[0;39m[0;39mDEBUG   | Supported: VK_FORMAT_D32_SFLOAT VK_IMAGE_TYPE_2D VK_IMAGE_TILING_OPTIMAL VK_IMAGE_USAGE_TRANSFER_SRC_BIT, supportsExternalMemory? 1, requiresDedicated? 0
[0;39m[0;39mDEBUG   | Supported: VK_FORMAT_D32_SFLOAT VK_IMAGE_TYPE_2D VK_IMAGE_TILING_OPTIMAL VK_IMAGE_USAGE_TRANSFER_DST_BIT, supportsExternalMemory? 1, requiresDedicated? 0
[0;39m[0;39mDEBUG   | Supported: VK_FORMAT_D32_SFLOAT_S8_UINT VK_IMAGE_TYPE_2D VK_IMAGE_TILING_OPTIMAL VK_IMAGE_USAGE_DEPTH_STENCIL_ATTACHMENT_BIT, supportsExternalMemory? 1, requiresDedicated? 0
[0;39m[0;39mDEBUG   | Supported: VK_FORMAT_D32_SFLOAT_S8_UINT VK_IMAGE_TYPE_2D VK_IMAGE_TILING_OPTIMAL VK_IMAGE_USAGE_INPUT_ATTACHMENT_BIT, supportsExternalMemory? 1, requiresDedicated? 0
[0;39m[0;39mDEBUG   | Supported: VK_FORMAT_D32_SFLOAT_S8_UINT VK_IMAGE_TYPE_2D VK_IMAGE_TILING_OPTIMAL VK_IMAGE_USAGE_SAMPLED_BIT, supportsExternalMemory? 1, requiresDedicated? 0
[0;39m[0;39mDEBUG   | Supported: VK_FORMAT_D32_SFLOAT_S8_UINT VK_IMAGE_TYPE_2D VK_IMAGE_TILING_OPTIMAL VK_IMAGE_USAGE_TRANSFER_SRC_BIT, supportsExternalMemory? 1, requiresDedicated? 0
[0;39m[0;39mDEBUG   | Supported: VK_FORMAT_D32_SFLOAT_S8_UINT VK_IMAGE_TYPE_2D VK_IMAGE_TILING_OPTIMAL VK_IMAGE_USAGE_TRANSFER_DST_BIT, supportsExternalMemory? 1, requiresDedicated? 0
[0;39m[0;39mINFO         | Selecting Vulkan device: NVIDIA GeForce MX350, Version: 1.3.280
[0;39m[0;39mDEBUG   | deviceInfo: 
hasGraphicsQueueFamily = 1
hasComputeQueueFamily = 1
supportsExternalMemoryImport = 1
supportsExternalMemoryExport = 1
supportsDriverProperties = 1
hasSamplerYcbcrConversionExtension = 1
supportsSamplerYcbcrConversion = 1
glInteropSupported = 0
[0;39m[0;39mDEBUG   | Vulkan logical device created and extension functions obtained.
[0;39m[0;39mDEBUG   | Vulkan device queue obtained.
[0;39m[0;39mVERBOSE | create: selected memory type index = 9, propertyFlags = 14, heapIndex = 1
[0;39m[0;39mVERBOSE | Vulkan global emulation state successfully initialized.
[0;39m[0;39mINFO         | Disabling sparse binding feature support
[0;39m[0;39mDEBUG   | WinEngine: Trying to load opengl32.dll

[0;39m[0;39mINFO         | SharedLibrary::open for [opengl32.dll]: not found in map, open for the first time
[0;39m[0;39mINFO         | SharedLibrary::open for [opengl32.dll] (win32): call LoadLibrary
[0;39m[0;39mINFO         | SharedLibrary::open succeeded for [opengl32.dll]. File name: [C:\WINDOWS\SYSTEM32\opengl32.DLL]
[0;39m[0;39mDEBUG   | WinEngine: Library loaded at 0000021016F779B0

[0;39m[0;39mDEBUG   | WinEngine: Dispatch initialized

[0;39m[0;39mDEBUG   | call eglInitialize
[0;39m[0;39mINFO         | SharedLibrary::open for [libshadertranslator.dll]: not found in map, open for the first time
[0;39m[0;39mINFO         | SharedLibrary::open for [libshadertranslator.dll] (win32): call LoadLibrary
[0;39m[0;39mINFO         | SharedLibrary::open succeeded for [libshadertranslator.dll]. File name: [C:\Users\User\AppData\Local\Android\Sdk\emulator\lib64\libshadertranslator.dll]
[0;39m[0;39mDEBUG   | glvk interop final: 1
[0;39m[0;39mINFO         | Initializing VkEmulation features:
[0;39m[0;39mINFO         |     glInteropSupported: true
[0;39m[0;39mINFO         |     useDeferredCommands: true
[0;39m[0;39mINFO         |     createResourceWithRequirements: true
[0;39m[0;39mINFO         |     useVulkanComposition: false
[0;39m[0;39mINFO         |     useVulkanNativeSwapchain: false
[0;39m[0;39mINFO         |     enable guestRenderDoc: false
[0;39m[0;39mINFO         |     ASTC LDR emulation mode: Gpu
[0;39m[0;39mINFO         |     enable ETC2 emulation: true
[0;39m[0;39mINFO         |     enable Ycbcr emulation: false
[0;39m[0;39mINFO         |     guestVulkanOnly: false
[0;39m[0;39mINFO         |     useDedicatedAllocations: false
[0;39m[0;39mDEBUG   | ColorBuffer 4294967295, 64x64, VK_FORMAT_R8G8B8A8_UNORM, Memory [size: 16384, type: 7, props: 1 / 1]
[0;39m[0;39mDEBUG   | Representative ColorBuffer memory type using host memory type index 7 and guest memory type index :7
[0;39m[0;39mDEBUG   | Performing composition using CompositorGl.
[0;39m[0;39mINFO         | Graphics Adapter Vendor Google (NVIDIA Corporation)
[0;39m[0;39mINFO         | Graphics Adapter Android Emulator OpenGL ES Translator (NVIDIA GeForce MX350/PCIe/SSE2)
[0;39m[0;39mINFO         | Graphics API Version OpenGL ES 3.0 (4.5.0 NVIDIA 560.94)
[0;39m[0;39mINFO         | Graphics API Extensions GL_OES_EGL_sync GL_OES_EGL_image GL_OES_EGL_image_external GL_OES_depth24 GL_OES_depth32 GL_OES_element_index_uint GL_OES_texture_float GL_OES_texture_float_linear GL_OES_compressed_paletted_texture GL_OES_compressed_ETC1_RGB8_texture GL_OES_depth_texture GL_OES_texture_half_float GL_OES_texture_half_float_linear GL_OES_packed_depth_stencil GL_OES_vertex_half_float GL_OES_texture_npot GL_OES_rgb8_rgba8 GL_OVR_multiview2 GL_EXT_multiview_texture_multisample GL_EXT_color_buffer_float GL_EXT_color_buffer_half_float GL_EXT_texture_format_BGRA8888 GL_APPLE_texture_format_BGRA8888 GL_EXT_texture_buffer 
[0;39m[0;39mINFO         | Graphics Device Extensions N/A
[0;39m[0;39mDEBUG   | OpenGL renderer initialized successfully
[0;39m[0;39mINFO         | Setting vsync to 60 hz
[0;39m[0;39mDEBUG   | CMD_SET_VSYNC_HZ
[0;39m[0;39mINFO         | Sending adb public key [QAAAAF9sNrVhEEWGzX8wV7MsdTkusLxYwrocgef+snqkNVBwLyZetI0rnDfjHUXjS8QVfV9qoRE21bupghe1loVnLOw51gHdRoRhXrLwBFkrth7mVCnPeO5doTTxfhPOz47S+eBbROlNcpCNcbC+47j7EI/xBb4JiU8QSn6ikjRElRCaSRaof8s6l99KSwVeagZBMNyOyBkQznpKmNMdVYsT2430uLAnMIiuVTq1ZZKm0ZiA3fHPSlX5Yg9CGkFpd/vlgq7tUWQEqKq+m3W6q4ZlTxOwVH7BdMimf6aKnu3JidTykDc/ZTAeQ5vcPFaU7HNrhOuD1rjI9Wn2SfLAyO6eygY6HSGag8eo12qEGhLOwCYUmEwIGQwB5ZXYpR3pq/gsmpwlJ69GGipvY+8z3izDTvNhUMt+6NmqzpX2YGOgjKekcUVEM++r2wVcs1oQsi1rtnYrXW/ZJ17TS0C5LdGXuzggneV8E/6oqHHMv2Z72zNTxvJtlkU4bEtJHIjWyK5HdOf8UQTjUX/Fm68ztLE+WQX6uWwB5j+oO3gZzARy1ZVhRYRT3M16d1iU6m3XLhU62FoHIIgFccZf5oOB1z/Pz2CqKzVWjt/hZjYmNPVK9oXsH7oL9vXH1Iv+4c2ZKC6ecAmeRrKdkiGTIGGW4n1CVGfacelJdoJreWSEOQ3ATXASon/QfgEAAQA= @unknown]
[0;39m[0;39mINFO         | Userspace boot properties:
[0;39m[0;39mINFO         |   androidboot.boot_devices=pci0000:00/0000:00:03.0 pci0000:00/0000:00:06.0
[0;39m[0;39mINFO         |   androidboot.dalvik.vm.heapsize=512m
[0;39m[0;39mINFO         |   androidboot.debug.hwui.renderer=skiagl
[0;39m[0;39mINFO         |   androidboot.debug.sf.nobootanimation=1
[0;39m[0;39mINFO         |   androidboot.hardware=ranchu
[0;39m[0;39mINFO         |   androidboot.hardware.gltransport=pipe
[0;39m[0;39mINFO         |   androidboot.hardware.vulkan=ranchu
[0;39m[0;39mINFO         |   androidboot.logcat=*:V
[0;39m[0;39mINFO         |   androidboot.opengles.version=196609
[0;39m[0;39mINFO         |   androidboot.qemu=1
[0;39m[0;39mINFO         |   androidboot.qemu.adb.pubkey=QAAAAF9sNrVhEEWGzX8wV7MsdTkusLxYwrocgef+snqkNVBwLyZetI0rnDfjHUXjS8QVfV9qoRE21bupghe1loVnLOw51gHdRoRhXrLwBFkrth7mVCnPeO5doTTxfhPOz47S+eBbROlNcpCNcbC+47j7EI/xBb4JiU8QSn6ikjRElRCaSRaof8s6l99KSwVeagZBMNyOyBkQznpKmNMdVYsT2430uLAnMIiuVTq1ZZKm0ZiA3fHPSlX5Yg9CGkFpd/vlgq7tUWQEqKq+m3W6q4ZlTxOwVH7BdMimf6aKnu3JidTykDc/ZTAeQ5vcPFaU7HNrhOuD1rjI9Wn2SfLAyO6eygY6HSGag8eo12qEGhLOwCYUmEwIGQwB5ZXYpR3pq/gsmpwlJ69GGipvY+8z3izDTvNhUMt+6NmqzpX2YGOgjKekcUVEM++r2wVcs1oQsi1rtnYrXW/ZJ17TS0C5LdGXuzggneV8E/6oqHHMv2Z72zNTxvJtlkU4bEtJHIjWyK5HdOf8UQTjUX/Fm68ztLE+WQX6uWwB5j+oO3gZzARy1ZVhRYRT3M16d1iU6m3XLhU62FoHIIgFccZf5oOB1z/Pz2CqKzVWjt/hZjYmNPVK9oXsH7oL9vXH1Iv+4c2ZKC6ecAmeRrKdkiGTIGGW4n1CVGfacelJdoJreWSEOQ3ATXASon/QfgEAAQA= @unknown
[0;39m[0;39mINFO         |   androidboot.qemu.avd_name=Pixel_3
[0;39m[0;39mINFO         |   androidboot.qemu.camera_hq_edge_processing=0
[0;39m[0;39mINFO         |   androidboot.qemu.camera_protocol_ver=1
[0;39m[0;39mINFO         |   androidboot.qemu.cpuvulkan.version=4202496
[0;39m[0;39mINFO         |   androidboot.qemu.gltransport.drawFlushInterval=800
[0;39m[0;39mINFO         |   androidboot.qemu.gltransport.name=pipe
[0;39m[0;39mINFO         |   androidboot.qemu.hwcodec.avcdec=2
[0;39m[0;39mINFO         |   androidboot.qemu.hwcodec.hevcdec=2
[0;39m[0;39mINFO         |   androidboot.qemu.hwcodec.vpxdec=2
[0;39m[0;39mINFO         |   androidboot.qemu.settings.system.screen_off_timeout=2147483647
[0;39m[0;39mINFO         |   androidboot.qemu.virtiowifi=1
[0;39m[0;39mINFO         |   androidboot.qemu.vsync=60
[0;39m[0;39mINFO         |   androidboot.serialno=EMULATOR36X2X12X0
[0;39m[0;39mINFO         |   androidboot.vbmeta.digest=43d61dbc053c8dbf3adaff951e5bdfcf174ece9dd24ffe8e6120f951cb412b2a
[0;39m[0;39mINFO         |   androidboot.vbmeta.hash_alg=sha256
[0;39m[0;39mINFO         |   androidboot.vbmeta.size=6784
[0;39m[0;39mINFO         |   androidboot.veritymode=enforcing
[0;39m[0;39mINFO         | Android bootconfig:
[0;39m[0;39mINFO         |   androidboot.boot_devices="pci0000:00/0000:00:03.0 pci0000:00/0000:00:06.0"
[0;39m[0;39mINFO         |   androidboot.dalvik.vm.heapsize="512m"
[0;39m[0;39mINFO         |   androidboot.debug.hwui.renderer="skiagl"
[0;39m[0;39mINFO         |   androidboot.debug.sf.nobootanimation="1"
[0;39m[0;39mINFO         |   androidboot.hardware="ranchu"
[0;39m[0;39mINFO         |   androidboot.hardware.gltransport="pipe"
[0;39m[0;39mINFO         |   androidboot.hardware.vulkan="ranchu"
[0;39m[0;39mINFO         |   androidboot.logcat="*:V"
[0;39m[0;39mINFO         |   androidboot.opengles.version="196609"
[0;39m[0;39mINFO         |   androidboot.qemu="1"
[0;39m[0;39mINFO         |   androidboot.qemu.adb.pubkey="QAAAAF9sNrVhEEWGzX8wV7MsdTkusLxYwrocgef+snqkNVBwLyZetI0rnDfjHUXjS8QVfV9qoRE21bupghe1loVnLOw51gHdRoRhXrLwBFkrth7mVCnPeO5doTTxfhPOz47S+eBbROlNcpCNcbC+47j7EI/xBb4JiU8QSn6ikjRElRCaSRaof8s6l99KSwVeagZBMNyOyBkQznpKmNMdVYsT2430uLAnMIiuVTq1ZZKm0ZiA3fHPSlX5Yg9CGkFpd/vlgq7tUWQEqKq+m3W6q4ZlTxOwVH7BdMimf6aKnu3JidTykDc/ZTAeQ5vcPFaU7HNrhOuD1rjI9Wn2SfLAyO6eygY6HSGag8eo12qEGhLOwCYUmEwIGQwB5ZXYpR3pq/gsmpwlJ69GGipvY+8z3izDTvNhUMt+6NmqzpX2YGOgjKekcUVEM++r2wVcs1oQsi1rtnYrXW/ZJ17TS0C5LdGXuzggneV8E/6oqHHMv2Z72zNTxvJtlkU4bEtJHIjWyK5HdOf8UQTjUX/Fm68ztLE+WQX6uWwB5j+oO3gZzARy1ZVhRYRT3M16d1iU6m3XLhU62FoHIIgFccZf5oOB1z/Pz2CqKzVWjt/hZjYmNPVK9oXsH7oL9vXH1Iv+4c2ZKC6ecAmeRrKdkiGTIGGW4n1CVGfacelJdoJreWSEOQ3ATXASon/QfgEAAQA= @unknown"
[0;39m[0;39mINFO         |   androidboot.qemu.avd_name="Pixel_3"
[0;39m[0;39mINFO         |   androidboot.qemu.camera_hq_edge_processing="0"
[0;39m[0;39mINFO         |   androidboot.qemu.camera_protocol_ver="1"
[0;39m[0;39mINFO         |   androidboot.qemu.cpuvulkan.version="4202496"
[0;39m[0;39mINFO         |   androidboot.qemu.gltransport.drawFlushInterval="800"
[0;39m[0;39mINFO         |   androidboot.qemu.gltransport.name="pipe"
[0;39m[0;39mINFO         |   androidboot.qemu.hwcodec.avcdec="2"
[0;39m[0;39mINFO         |   androidboot.qemu.hwcodec.hevcdec="2"
[0;39m[0;39mINFO         |   androidboot.qemu.hwcodec.vpxdec="2"
[0;39m[0;39mINFO         |   androidboot.qemu.settings.system.screen_off_timeout="2147483647"
[0;39m[0;39mINFO         |   androidboot.qemu.virtiowifi="1"
[0;39m[0;39mDEBUG   | Exited a loader RenderThread @00000210131D06A0
[0;39m[0;39mINFO         |   androidboot.qemu.vsync="60"
[0;39m[0;39mINFO         |   androidboot.serialno="EMULATOR36X2X12X0"
[0;39m[0;39mINFO         |   androidboot.vbmeta.digest="43d61dbc053c8dbf3adaff951e5bdfcf174ece9dd24ffe8e6120f951cb412b2a"
[0;39m[0;39mINFO         |   androidboot.vbmeta.hash_alg="sha256"
[0;39m[0;39mINFO         |   androidboot.vbmeta.size="6784"
[0;39m[0;39mINFO         |   androidboot.veritymode="enforcing"
[0;39m[0;39mDEBUG   | Found 2 DNS servers:
[0;39m[0;39mDEBUG   | 	192.168.8.1
[0;39m[0;39mDEBUG   | 	2402:4000::1
[0;39m[0;39mINFO         | Content of hardware configuration file:
[0;39m[0;39mINFO         | 	hw.cpu.arch = x86_64
[0;39m[0;39mINFO         | 	hw.cpu.ncore = 4
[0;39m[0;39mINFO         | 	hw.ramSize = 2048
[0;39m[0;39mINFO         | 	hw.screen = multi-touch
[0;39m[0;39mINFO         | 	hw.mainKeys = false
[0;39m[0;39mINFO         | 	hw.touchpad0 = false
[0;39m[0;39mINFO         | 	hw.touchpad0.width = 600
[0;39m[0;39mINFO         | 	hw.touchpad0.height = 400
[0;39m[0;39mINFO         | 	hw.trackBall = false
[0;39m[0;39mINFO         | 	hw.keyboard = true
[0;39m[0;39mINFO         | 	hw.keyboard.lid = false
[0;39m[0;39mINFO         | 	hw.keyboard.charmap = qwerty2
[0;39m[0;39mINFO         | 	hw.dPad = false
[0;39m[0;39mINFO         | 	hw.rotaryInput = false
[0;39m[0;39mINFO         | 	hw.gsmModem = true
[0;39m[0;39mINFO         | 	hw.gps = true
[0;39m[0;39mINFO         | 	hw.battery = true
[0;39m[0;39mINFO         | 	hw.accelerometer = true
[0;39m[0;39mINFO         | 	hw.accelerometer_uncalibrated = true
[0;39m[0;39mINFO         | 	hw.gyroscope = true
[0;39m[0;39mINFO         | 	hw.audioInput = true
[0;39m[0;39mINFO         | 	hw.audioOutput = true
[0;39m[0;39mINFO         | 	hw.sdCard = true
[0;39m[0;39mINFO         | 	hw.sdCard.path = C:\Users\User\.android\avd\..\avd\Pixel_3.avd\sdcard.img
[0;39m[0;39mINFO         | 	disk.cachePartition = true
[0;39m[0;39mINFO         | 	disk.cachePartition.path = C:\Users\User\.android\avd\..\avd\Pixel_3.avd\cache.img
[0;39m[0;39mINFO         | 	disk.cachePartition.size = 66m
[0;39m[0;39mINFO         | 	test.quitAfterBootTimeOut = -1
[0;39m[0;39mINFO         | 	test.delayAdbTillBootComplete = 0
[0;39m[0;39mINFO         | 	test.monitorAdb = 0
[0;39m[0;39mINFO         | 	hw.lcd.width = 1080
[0;39m[0;39mINFO         | 	hw.lcd.height = 2160
[0;39m[0;39mINFO         | 	hw.lcd.depth = 16
[0;39m[0;39mINFO         | 	hw.lcd.circular = false
[0;39m[0;39mINFO         | 	hw.lcd.density = 440
[0;39m[0;39mINFO         | 	hw.lcd.backlight = true
[0;39m[0;39mINFO         | 	hw.lcd.vsync = 60
[0;39m[0;39mINFO         | 	hw.gltransport = pipe
[0;39m[0;39mINFO         | 	hw.gltransport.asg.writeBufferSize = 1048576
[0;39m[0;39mINFO         | 	hw.gltransport.asg.writeStepSize = 4096
[0;39m[0;39mINFO         | 	hw.gltransport.asg.dataRingSize = 32768
[0;39m[0;39mINFO         | 	hw.gltransport.drawFlushInterval = 800
[0;39m[0;39mINFO         | 	hw.displayRegion.0.1.xOffset = -1
[0;39m[0;39mINFO         | 	hw.displayRegion.0.1.yOffset = -1
[0;39m[0;39mINFO         | 	hw.displayRegion.0.1.width = 0
[0;39m[0;39mINFO         | 	hw.displayRegion.0.1.height = 0
[0;39m[0;39mINFO         | 	hw.displayRegion.0.2.xOffset = -1
[0;39m[0;39mINFO         | 	hw.displayRegion.0.2.yOffset = -1
[0;39m[0;39mINFO         | 	hw.displayRegion.0.2.width = 0
[0;39m[0;39mINFO         | 	hw.displayRegion.0.2.height = 0
[0;39m[0;39mINFO         | 	hw.displayRegion.0.3.xOffset = -1
[0;39m[0;39mINFO         | 	hw.displayRegion.0.3.yOffset = -1
[0;39m[0;39mINFO         | 	hw.displayRegion.0.3.width = 0
[0;39m[0;39mINFO         | 	hw.displayRegion.0.3.height = 0
[0;39m[0;39mINFO         | 	hw.display1.width = 0
[0;39m[0;39mINFO         | 	hw.display1.height = 0
[0;39m[0;39mINFO         | 	hw.display1.density = 0
[0;39m[0;39mINFO         | 	hw.display1.xOffset = -1
[0;39m[0;39mINFO         | 	hw.display1.yOffset = -1
[0;39m[0;39mINFO         | 	hw.display1.flag = 0
[0;39m[0;39mINFO         | 	hw.display2.width = 0
[0;39m[0;39mINFO         | 	hw.display2.height = 0
[0;39m[0;39mINFO         | 	hw.display2.density = 0
[0;39m[0;39mINFO         | 	hw.display2.xOffset = -1
[0;39m[0;39mINFO         | 	hw.display2.yOffset = -1
[0;39m[0;39mINFO         | 	hw.display2.flag = 0
[0;39m[0;39mINFO         | 	hw.display3.width = 0
[0;39m[0;39mINFO         | 	hw.display3.height = 0
[0;39m[0;39mINFO         | 	hw.display3.density = 0
[0;39m[0;39mINFO         | 	hw.display3.xOffset = -1
[0;39m[0;39mINFO         | 	hw.display3.yOffset = -1
[0;39m[0;39mINFO         | 	hw.display3.flag = 0
[0;39m[0;39mINFO         | 	hw.multi_display_window = false
[0;39m[0;39mINFO         | 	hw.hotplug_multi_display = false
[0;39m[0;39mINFO         | 	hw.gpu.enabled = true
[0;39m[0;39mINFO         | 	hw.gpu.mode = host
[0;39m[0;39mINFO         | 	hw.initialOrientation = portrait
[0;39m[0;39mINFO         | 	hw.camera.back = virtualscene
[0;39m[0;39mINFO         | 	hw.camera.front = emulated
[0;39m[0;39mINFO         | 	vm.heapSize = 512
[0;39m[0;39mINFO         | 	hw.sensors.light = true
[0;39m[0;39mINFO         | 	hw.sensors.pressure = true
[0;39m[0;39mINFO         | 	hw.sensors.humidity = true
[0;39m[0;39mINFO         | 	hw.sensors.proximity = true
[0;39m[0;39mINFO         | 	hw.sensors.magnetic_field = true
[0;39m[0;39mINFO         | 	hw.sensors.magnetic_field_uncalibrated = true
[0;39m[0;39mINFO         | 	hw.sensors.gyroscope_uncalibrated = true
[0;39m[0;39mINFO         | 	hw.sensors.orientation = true
[0;39m[0;39mINFO         | 	hw.sensors.temperature = true
[0;39m[0;39mINFO         | 	hw.sensors.rgbclight = false
[0;39m[0;39mINFO         | 	hw.sensor.hinge = false
[0;39m[0;39mINFO         | 	hw.sensor.hinge.count = 0
[0;39m[0;39mINFO         | 	hw.sensor.hinge.type = 0
[0;39m[0;39mINFO         | 	hw.sensor.hinge.sub_type = 0
[0;39m[0;39mINFO         | 	hw.sensor.hinge.resizable.config = 1
[0;39m[0;39mINFO         | 	hw.sensor.hinge.fold_to_displayRegion.0.1_at_posture = 1
[0;39m[0;39mINFO         | 	hw.sensor.roll = false
[0;39m[0;39mINFO         | 	hw.sensor.roll.count = 0
[0;39m[0;39mINFO         | 	hw.sensor.roll.resize_to_displayRegion.0.1_at_posture = 6
[0;39m[0;39mINFO         | 	hw.sensor.roll.resize_to_displayRegion.0.2_at_posture = 6
[0;39m[0;39mINFO         | 	hw.sensor.roll.resize_to_displayRegion.0.3_at_posture = 6
[0;39m[0;39mINFO         | 	hw.sensors.heart_rate = false
[0;39m[0;39mINFO         | 	hw.sensors.wrist_tilt = false
[0;39m[0;39mINFO         | 	hw.sensors.heading = false
[0;39m[0;39mINFO         | 	hw.useext4 = true
[0;39m[0;39mINFO         | 	hw.arc = false
[0;39m[0;39mINFO         | 	hw.arc.autologin = false
[0;39m[0;39mINFO         | 	hw.device.name = pixel_3
[0;39m[0;39mINFO         | 	kernel.path = C:\Users\User\AppData\Local\Android\Sdk\system-images\android-36\google_apis_playstore\x86_64\\kernel-ranchu
[0;39m[0;39mINFO         | 	kernel.newDeviceNaming = yes
[0;39m[0;39mINFO         | 	kernel.supportsYaffs2 = no
[0;39m[0;39mINFO         | 	disk.ramdisk.path = C:\Users\User\AppData\Local\Android\Sdk\system-images\android-36\google_apis_playstore\x86_64\\ramdisk.img
[0;39m[0;39mINFO         | 	disk.systemPartition.initPath = C:\Users\User\AppData\Local\Android\Sdk\system-images\android-36\google_apis_playstore\x86_64\\system.img
[0;39m[0;39mINFO         | 	disk.systemPartition.size = 2225m
[0;39m[0;39mINFO         | 	disk.vendorPartition.initPath = C:\Users\User\AppData\Local\Android\Sdk\system-images\android-36\google_apis_playstore\x86_64\\vendor.img
[0;39m[0;39mINFO         | 	disk.vendorPartition.size = 800m
[0;39m[0;39mINFO         | 	disk.dataPartition.path = C:\Users\User\.android\avd\..\avd\Pixel_3.avd\userdata-qemu.img
[0;39m[0;39mINFO         | 	disk.dataPartition.size = 6g
[0;39m[0;39mINFO         | 	disk.encryptionKeyPartition.path = C:\Users\User\.android\avd\..\avd\Pixel_3.avd\encryptionkey.img
[0;39m[0;39mINFO         | 	PlayStore.enabled = true
[0;39m[0;39mINFO         | 	avd.name = Pixel_3
[0;39m[0;39mINFO         | 	avd.id = Pixel_3
[0;39m[0;39mINFO         | 	fastboot.forceColdBoot = false
[0;39m[0;39mINFO         | 	userdata.useQcow2 = true
[0;39m[0;39mINFO         | 	firstboot.bootFromDownloadableSnapshot = true
[0;39m[0;39mINFO         | 	firstboot.bootFromLocalSnapshot = true
[0;39m[0;39mINFO         | 	firstboot.saveToLocalSnapshot = true
[0;39m[0;39mINFO         | 	android.sdk.root = C:\Users\User\AppData\Local\Android\Sdk
[0;39m[0;39mINFO         | 	android.avd.home = C:\Users\User\.android\avd
[0;39m[0;39mINFO         | .
[0;39m[0;39mINFO         | QEMU options list:
[0;39m[0;39mINFO         | 	 argv[00] = "C:\Users\User\AppData\Local\Android\Sdk\emulator\qemu\windows-x86_64\qemu-system-x86_64.exe"
[0;39m[0;39mINFO         | 	 argv[01] = "-read-only"
[0;39m[0;39mINFO         | 	 argv[02] = "-dns-server"
[0;39m[0;39mINFO         | 	 argv[03] = "192.168.8.1,2402:4000::1"
[0;39m[0;39mINFO         | 	 argv[04] = "-no-audio"
[0;39m[0;39mINFO         | 	 argv[05] = "-mem-path"
[0;39m[0;39mINFO         | 	 argv[06] = "C:\Users\User\.android\avd\Pixel_3.avd\snapshots\default_boot\ram.img"
[0;39m[0;39mINFO         | 	 argv[07] = "-serial"
[0;39m[0;39mINFO         | 	 argv[08] = "null"
[0;39m[0;39mINFO         | 	 argv[09] = "-android-ports"
[0;39m[0;39mINFO         | 	 argv[10] = "13736,13737"
[0;39m[0;39mINFO         | 	 argv[11] = "-device"
[0;39m[0;39mINFO         | 	 argv[12] = "goldfish_pstore,addr=0xff018000,size=0x10000,file=C:\Users\User\.android\avd\..\avd\Pixel_3.avd\data\misc\pstore\pstore.bin"
[0;39m[0;39mINFO         | 	 argv[13] = "-cpu"
[0;39m[0;39mINFO         | 	 argv[14] = "android64"
[0;39m[0;39mINFO         | 	 argv[15] = "-enable-aehd"
[0;39m[0;39mINFO         | 	 argv[16] = "-smp"
[0;39m[0;39mINFO         | 	 argv[17] = "cores=4"
[0;39m[0;39mINFO         | 	 argv[18] = "-m"
[0;39m[0;39mINFO         | 	 argv[19] = "2048"
[0;39m[0;39mINFO         | 	 argv[20] = "-lcd-density"
[0;39m[0;39mINFO         | 	 argv[21] = "440"
[0;39m[0;39mINFO         | 	 argv[22] = "-nodefaults"
[0;39m[0;39mINFO         | 	 argv[23] = "-kernel"
[0;39m[0;39mINFO         | 	 argv[24] = "C:\Users\User\AppData\Local\Android\Sdk\system-images\android-36\google_apis_playstore\x86_64\\kernel-ranchu"
[0;39m[0;39mINFO         | 	 argv[25] = "-initrd"
[0;39m[0;39mINFO         | 	 argv[26] = "C:\Users\User\.android\avd\..\avd\Pixel_3.avd\initrd"
[0;39m[0;39mINFO         | 	 argv[27] = "-drive"
[0;39m[0;39mINFO         | 	 argv[28] = "if=none,index=0,id=system,if=none,file=C:\Users\User\AppData\Local\Android\Sdk\system-images\android-36\google_apis_playstore\x86_64\\system.img,read-only"
[0;39m[0;39mINFO         | 	 argv[29] = "-device"
[0;39m[0;39mINFO         | 	 argv[30] = "virtio-blk-pci,drive=system,modern-pio-notify"
[0;39m[0;39mINFO         | 	 argv[31] = "-drive"
[0;39m[0;39mINFO         | 	 argv[32] = "if=none,index=1,id=cache,if=none,file=C:\Users\User\.android\avd\..\avd\Pixel_3.avd\cache.img.qcow2,overlap-check=none,cache=unsafe,l2-cache-size=1048576"
[0;39m[0;39mINFO         | 	 argv[33] = "-device"
[0;39m[0;39mINFO         | 	 argv[34] = "virtio-blk-pci,drive=cache,modern-pio-notify"
[0;39m[0;39mINFO         | 	 argv[35] = "-drive"
[0;39m[0;39mINFO         | 	 argv[36] = "if=none,index=2,id=userdata,if=none,file=C:\Users\User\.android\avd\..\avd\Pixel_3.avd\userdata-qemu.img.qcow2,overlap-check=none,cache=unsafe,l2-cache-size=1048576"
[0;39m[0;39mINFO         | 	 argv[37] = "-device"
[0;39m[0;39mINFO         | 	 argv[38] = "virtio-blk-pci,drive=userdata,modern-pio-notify"
[0;39m[0;39mINFO         | 	 argv[39] = "-drive"
[0;39m[0;39mINFO         | 	 argv[40] = "if=none,index=3,id=encrypt,if=none,file=C:\Users\User\.android\avd\..\avd\Pixel_3.avd\encryptionkey.img.qcow2,overlap-check=none,cache=unsafe,l2-cache-size=1048576"
[0;39m[0;39mINFO         | 	 argv[41] = "-device"
[0;39m[0;39mINFO         | 	 argv[42] = "virtio-blk-pci,drive=encrypt,modern-pio-notify"
[0;39m[0;39mINFO         | 	 argv[43] = "-drive"
[0;39m[0;39mINFO         | 	 argv[44] = "if=none,index=4,id=vendor,if=none,file=C:\Users\User\AppData\Local\Android\Sdk\system-images\android-36\google_apis_playstore\x86_64\\vendor.img,read-only"
[0;39m[0;39mINFO         | 	 argv[45] = "-device"
[0;39m[0;39mINFO         | 	 argv[46] = "virtio-blk-pci,drive=vendor,modern-pio-notify"
[0;39m[0;39mINFO         | 	 argv[47] = "-drive"
[0;39m[0;39mINFO         | 	 argv[48] = "if=none,index=5,id=sdcard,if=none,file=C:\Users\User\.android\avd\..\avd\Pixel_3.avd\sdcard.img.qcow2,overlap-check=none,cache=unsafe,l2-cache-size=1048576"
[0;39m[0;39mINFO         | 	 argv[49] = "-device"
[0;39m[0;39mINFO         | 	 argv[50] = "virtio-blk-pci,drive=sdcard,modern-pio-notify"
[0;39m[0;39mINFO         | 	 argv[51] = "-netdev"
[0;39m[0;39mINFO         | 	 argv[52] = "user,id=mynet"
[0;39m[0;39mINFO         | 	 argv[53] = "-device"
[0;39m[0;39mINFO         | 	 argv[54] = "virtio-net-pci,netdev=mynet"
[0;39m[0;39mINFO         | 	 argv[55] = "-chardev"
[0;39m[0;39mINFO         | 	 argv[56] = "null,id=forhvc0"
[0;39m[0;39mINFO         | 	 argv[57] = "-chardev"
[0;39m[0;39mINFO         | 	 argv[58] = "null,id=forhvc1"
[0;39m[0;39mINFO         | 	 argv[59] = "-device"
[0;39m[0;39mINFO         | 	 argv[60] = "virtio-serial-pci,ioeventfd=off"
[0;39m[0;39mINFO         | 	 argv[61] = "-device"
[0;39m[0;39mINFO         | 	 argv[62] = "virtconsole,chardev=forhvc0"
[0;39m[0;39mINFO         | 	 argv[63] = "-device"
[0;39m[0;39mINFO         | 	 argv[64] = "virtconsole,chardev=forhvc1"
[0;39m[0;39mINFO         | 	 argv[65] = "-chardev"
[0;39m[0;39mINFO         | 	 argv[66] = "netsim,id=uwb"
[0;39m[0;39mINFO         | 	 argv[67] = "-device"
[0;39m[0;39mINFO         | 	 argv[68] = "virtconsole,chardev=uwb,name=uwb"
[0;39m[0;39mINFO         | 	 argv[69] = "-chardev"
[0;39m[0;39mINFO         | 	 argv[70] = "netsim,id=bluetooth"
[0;39m[0;39mINFO         | 	 argv[71] = "-device"
[0;39m[0;39mINFO         | 	 argv[72] = "virtserialport,chardev=bluetooth,name=bluetooth"
[0;39m[0;39mINFO         | 	 argv[73] = "-device"
[0;39m[0;39mINFO         | 	 argv[74] = "virtio-serial,ioeventfd=off"
[0;39m[0;39mINFO         | 	 argv[75] = "-chardev"
[0;39m[0;39mINFO         | 	 argv[76] = "socket,port=6047,host=::1,nowait,nodelay,reconnect=10,ipv6,id=modem"
[0;39m[0;39mINFO         | 	 argv[77] = "-device"
[0;39m[0;39mINFO         | 	 argv[78] = "virtserialport,chardev=modem,name=modem"
[0;39m[0;39mINFO         | 	 argv[79] = "-device"
[0;39m[0;39mINFO         | 	 argv[80] = "virtio-rng-pci"
[0;39m[0;39mINFO         | 	 argv[81] = "-show-cursor"
[0;39m[0;39mINFO         | 	 argv[82] = "-device"
[0;39m[0;39mINFO         | 	 argv[83] = "virtio_input_multi_touch_pci_1"
[0;39m[0;39mINFO         | 	 argv[84] = "-device"
[0;39m[0;39mINFO         | 	 argv[85] = "virtio_input_multi_touch_pci_2"
[0;39m[0;39mINFO         | 	 argv[86] = "-device"
[0;39m[0;39mINFO         | 	 argv[87] = "virtio_input_multi_touch_pci_3"
[0;39m[0;39mINFO         | 	 argv[88] = "-device"
[0;39m[0;39mINFO         | 	 argv[89] = "virtio_input_multi_touch_pci_4"
[0;39m[0;39mINFO         | 	 argv[90] = "-device"
[0;39m[0;39mINFO         | 	 argv[91] = "virtio_input_multi_touch_pci_5"
[0;39m[0;39mINFO         | 	 argv[92] = "-device"
[0;39m[0;39mINFO         | 	 argv[93] = "virtio_input_multi_touch_pci_6"
[0;39m[0;39mINFO         | 	 argv[94] = "-device"
[0;39m[0;39mINFO         | 	 argv[95] = "virtio_input_multi_touch_pci_7"
[0;39m[0;39mINFO         | 	 argv[96] = "-device"
[0;39m[0;39mINFO         | 	 argv[97] = "virtio_input_multi_touch_pci_8"
[0;39m[0;39mINFO         | 	 argv[98] = "-device"
[0;39m[0;39mINFO         | 	 argv[99] = "virtio_input_multi_touch_pci_9"
[0;39m[0;39mINFO         | 	 argv[100] = "-device"
[0;39m[0;39mINFO         | 	 argv[101] = "virtio_input_multi_touch_pci_10"
[0;39m[0;39mINFO         | 	 argv[102] = "-device"
[0;39m[0;39mINFO         | 	 argv[103] = "virtio_input_multi_touch_pci_11"
[0;39m[0;39mINFO         | 	 argv[104] = "-device"
[0;39m[0;39mINFO         | 	 argv[105] = "virtio-keyboard-pci"
[0;39m[0;39mINFO         | 	 argv[106] = "-netdev"
[0;39m[0;39mINFO         | 	 argv[107] = "user,id=virtio-wifi,dhcpstart=10.0.2.16"
[0;39m[0;39mINFO         | 	 argv[108] = "-device"
[0;39m[0;39mINFO         | 	 argv[109] = "virtio-wifi-pci,netdev=virtio-wifi"
[0;39m[0;39mINFO         | 	 argv[110] = "-device"
[0;39m[0;39mINFO         | 	 argv[111] = "virtio-vsock-pci,guest-cid=77"
[0;39m[0;39mINFO         | 	 argv[112] = "-L"
[0;39m[0;39mINFO         | 	 argv[113] = "C:\Users\User\AppData\Local\Android\Sdk\emulator/lib/pc-bios"
[0;39m[0;39mINFO         | 	 argv[114] = "-soundhw"
[0;39m[0;39mINFO         | 	 argv[115] = "virtio-snd-pci"
[0;39m[0;39mINFO         | 	 argv[116] = "-vga"
[0;39m[0;39mINFO         | 	 argv[117] = "none"
[0;39m[0;39mINFO         | 	 argv[118] = "-append"
[0;39m[0;39mINFO         | 	 argv[119] = "8250.nr_uarts=1 clocksource=pit no_timer_check console=0 ndns=2 loop.max_part=7 ramoops.mem_address=0xff018000 ramoops.mem_size=0x10000 memmap=0x10000$0xff018000 printk.devkmsg=on bootconfig"
[0;39m[0;39mINFO         | 	 argv[120] = "-android-hw"
[0;39m[0;39mINFO         | 	 argv[121] = "C:\Users\User\AppData\Local\Temp\\AndroidEmulator\TMPFB15.tmp"
[0;39m[0;39mINFO         | Concatenated QEMU options: C:\Users\User\AppData\Local\Android\Sdk\emulator\qemu\windows-x86_64\qemu-system-x86_64.exe -read-only -dns-server 192.168.8.1,2402:4000::1 -no-audio -mem-path C:\Users\User\.android\avd\Pixel_3.avd\snapshots\default_boot\ram.img -serial null -android-ports 13736,13737 -device goldfish_pstore,addr=0xff018000,size=0x10000,file=C:\Users\User\.android\avd\..\avd\Pixel_3.avd\data\misc\pstore\pstore.bin -cpu android64 -enable-aehd -smp cores=4 -m 2048 -lcd-density 440 -nodefaults -kernel C:\Users\User\AppData\Local\Android\Sdk\system-images\android-36\google_apis_playstore\x86_64\\kernel-ranchu -initrd C:\Users\User\.android\avd\..\avd\Pixel_3.avd\initrd -drive if=none,index=0,id=system,if=none,file=C:\Users\User\AppData\Local\Android\Sdk\system-images\android-36\google_apis_playstore\x86_64\\system.img,read-only -device virtio-blk-pci,drive=system,modern-pio-notify -drive if=none,index=1,id=cache,if=none,file=C:\Users\User\.android\avd\..\avd\Pixel_3.avd\cache.img.qcow2,overlap-check=none,cache=unsafe,l2-cache-size=1048576 -device virtio-blk-pci,drive=cache,modern-pio-notify -drive if=none,index=2,id=userdata,if=none,file=C:\Users\User\.android\avd\..\avd\Pixel_3.avd\userdata-qemu.img.qcow2,overlap-check=none,cache=unsafe,l2-cache-size=1048576 -device virtio-blk-pci,drive=userdata,modern-pio-notify -drive if=none,index=3,id=encrypt,if=none,file=C:\Users\User\.android\avd\..\avd\Pixel_3.avd\encryptionkey.img.qcow2,overlap-check=none,cache=unsafe,l2-cache-size=1048576 -device virtio-blk-pci,drive=encrypt,modern-pio-notify -drive if=none,index=4,id=vendor,if=none,file=C:\Users\User\AppData\Local\Android\Sdk\system-images\android-36\google_apis_playstore\x86_64\\vendor.img,read-only -device virtio-blk-pci,drive=vendor,modern-pio-notify -drive if=none,index=5,id=sdcard,if=none,file=C:\Users\User\.android\avd\..\avd\Pixel_3.avd\sdcard.img.qcow2,overlap-check=none,cache=unsafe,l2-cache-size=1048576 -device virtio-blk-pci,drive=sdcard,modern-pio-notify -netdev user,id=mynet -device virtio-net-pci,netdev=mynet -chardev null,id=forhvc0 -chardev null,id=forhvc1 -device virtio-serial-pci,ioeventfd=off -device virtconsole,chardev=forhvc0 -device virtconsole,chardev=forhvc1 -chardev netsim,id=uwb -device virtconsole,chardev=uwb,name=uwb -chardev netsim,id=bluetooth -device virtserialport,chardev=bluetooth,name=bluetooth -device virtio-serial,ioeventfd=off -chardev socket,port=6047,host=::1,nowait,nodelay,reconnect=10,ipv6,id=modem -device virtserialport,chardev=modem,name=modem -device virtio-rng-pci -show-cursor -device virtio_input_multi_touch_pci_1 -device virtio_input_multi_touch_pci_2 -device virtio_input_multi_touch_pci_3 -device virtio_input_multi_touch_pci_4 -device virtio_input_multi_touch_pci_5 -device virtio_input_multi_touch_pci_6 -device virtio_input_multi_touch_pci_7 -device virtio_input_multi_touch_pci_8 -device virtio_input_multi_touch_pci_9 -device virtio_input_multi_touch_pci_10 -device virtio_input_multi_touch_pci_11 -device virtio-keyboard-pci -netdev user,id=virtio-wifi,dhcpstart=10.0.2.16 -device virtio-wifi-pci,netdev=virtio-wifi -device virtio-vsock-pci,guest-cid=77 -L C:\Users\User\AppData\Local\Android\Sdk\emulator/lib/pc-bios -soundhw virtio-snd-pci -vga none -append "8250.nr_uarts=1 clocksource=pit no_timer_check console=0 ndns=2 loop.max_part=7 ramoops.mem_address=0xff018000 ramoops.mem_size=0x10000 memmap=0x10000$0xff018000 printk.devkmsg=on bootconfig" -android-hw C:\Users\User\AppData\Local\Temp\\AndroidEmulator\TMPFB15.tmp
[0;39m[0;39mDEBUG   | Android qemu version 36.2.12.0 (build_id 14214601) (CL:N/A)
[0;39m[0;39mDEBUG   | Starting QEMU main loop
[0;39m[0;39mDEBUG   | android_fopen: Failed to open /qemu.conf, err: 2
[0;39m[0;39mDEBUG   | registered 'boot-properties' qemud service
[0;39m[0;39mDEBUG   | Adding boot property: 'ro.opengles.version' = '196609'
[0;39m[0;39mDEBUG   | Adding boot property: 'qemu.sf.fake_camera' = 'front'
[0;39m[0;39mDEBUG   | Adding boot property: 'qemu.adb.secure' = '1'
[0;39m[0;39mDEBUG   | Adding boot property: 'dalvik.vm.heapsize' = '512m'
[0;39m[0;39mDEBUG   | Adding boot property: 'qemu.hw.mainkeys' = '0'
[0;39m[0;39mDEBUG   | Adding boot property: 'qemu.sf.lcd_density' = '440'
[0;39mAEHD is operational
[0;39mDEBUG   | goldfish_events.have-dpad: false
[0;39m[0;39mDEBUG   | goldfish_events.have-trackball: false
[0;39m[0;39mDEBUG   | goldfish_events.have-camera: true
[0;39m[0;39mDEBUG   | goldfish_events.have-keyboard: false
[0;39m[0;39mDEBUG   | goldfish_events.have-lidswitch: false
[0;39m[0;39mDEBUG   | goldfish_events.have-tabletmode: false
[0;39m[0;39mDEBUG   | goldfish_events.have-touch: false
[0;39m[0;39mDEBUG   | goldfish_events.have-multitouch: false
[0;39m[0;39mDEBUG   | Adding boot property: 'net.wifi_mac_prefix' = '13736'
[0;39mhost doesn't support requested feature: CPUID.01H:ECX.xsave [bit 26]
host doesn't support requested feature: CPUID.01H:ECX.avx [bit 28]
host doesn't support requested feature: CPUID.01H:ECX.xsave [bit 26]
host doesn't support requested feature: CPUID.01H:ECX.avx [bit 28]
host doesn't support requested feature: CPUID.01H:ECX.xsave [bit 26]
host doesn't support requested feature: CPUID.01H:ECX.avx [bit 28]
host doesn't support requested feature: CPUID.01H:ECX.xsave [bit 26]
host doesn't support requested feature: CPUID.01H:ECX.avx [bit 28]
[0;39mINFO         | Monitoring duration of emulator setup.
[0;39m[33mWARNING      | Requested adb port (13737) is outside the recommended range [5555,5586]. ADB may not function properly for the emulator. See -help-port for details.
[0;39m[0;39mDEBUG   | Adding boot property: 'qemu.timezone' = 'Asia/Colombo'
[0;39m[0;39mDEBUG   | android_hw_fingerprint_init: fingerprint qemud listen service initialized
[0;39m[0;39mDEBUG   | Successfully initialized Wi-Fi
[0;39m[0;39mDEBUG   | emulator_window_fb_rotate
[0;39m[0;39mDEBUG   | CMD_SET_DISPLAY_CONFIGS
[0;39m[0;39mINFO         | Setting display: 0 configuration to: 1080x2160, dpi: 440x440 
[0;39m[0;39mDEBUG   | CMD_SET_DISPLAY_ACTIVE_CONFIG
[0;39m[0;39mDEBUG   | setDisplayPose 0 x 0 y 0 w 1080 h 2160 dpi 0
[0;39m[0;39mINFO         | setDisplayActiveConfig 0
[0;39m[0;39mDEBUG   | Adjusting window size by 0.36x for hw_lcd_density
[0;39m[0;39mDEBUG   | Path:C:\Users\User\AppData\Local\Android\Sdk\platform-tools\adb.exe protocol version: 41
[0;39m[0;39mDEBUG   | Path:C:\Users\User\AppData\Local\Android\Sdk\platform-tools\adb.exe protocol version: 41
[0;39m[0;39mDEBUG   | Found: 2 adb executables
[0;39m[0;39mDEBUG   | Adb: C:\Users\User\AppData\Local\Android\Sdk\platform-tools\adb.exe
[0;39m[0;39mDEBUG   | Adb: C:\Users\User\AppData\Local\Android\Sdk\platform-tools\adb.exe
[0;39m[0;39mDEBUG   | Path:C:\Users\User\AppData\Local\Android\Sdk\platform-tools\adb.exe protocol version: 41
[0;39m[0;39mDEBUG   | Path:C:\Users\User\AppData\Local\Android\Sdk\platform-tools\adb.exe protocol version: 41
[0;39m[0;39mINFO         | Checking system compatibility:
[0;39m[0;39mINFO         |   Checking: hasCompatibleHypervisor
[0;39m[0;39mINFO         |      Ok: Hypervisor compatibility to run avd: `Pixel_3` are met
[0;39m[0;39mINFO         |   Checking: hasSufficientSystem
[0;39m[0;39mINFO         |      Ok: System requirements to run avd: `Pixel_3` are met
[0;39m[0;39mINFO         |   Checking: hasSufficientHwGpu
[0;39m[0;39mINFO         |      Ok: Hardware GPU requirements to run avd: `Pixel_3` are passed
[0;39m[0;39mINFO         |   Checking: hasSufficientDiskSpace
[0;39m[0;39mINFO         |      Ok: Disk space requirements to run avd: `Pixel_3` are met
[0;39m[0;39mDEBUG   | Sending CMD_REPAINT to reposting thread
[0;39m[0;39m[0;39mDEBUG  DEBUG   |  | Reposting thread dequeueing a CMD_REPAINT
Sending CMD_REPAINT to reposting thread
[0;39m[0;39m[0;39mDEBUG   | Reposting framebuffer.
[0;39m[0;39mDEBUG   | No repost: no last posted color buffer
[0;39m[0;39mDEBUG   | Reposting thread dequeueing a CMD_REPAINT
[0;39m[0;39mDEBUG   | Reposting framebuffer.
[0;39m[0;39mDEBUG   | No repost: no last posted color buffer
[0;39m[0;39mDEBUG   | config multidisplay with config.ini 0x0 0x0 0x0
[0;39m[0;39mDEBUG   | No acpi ini file provided, using default
[0;39m[0;39mDEBUG   | Begin setupSubWindow
[0;39mDEBUG  [0;39m | added one RIL client
[0;39m[0;39mDEBUG   | Exit setupSubWindow (successful setup)
[0;39m[0;39mDEBUG   | Window was not fully visible: monitor=[0,0,1920,1080] window=[100,100,408,865]
[0;39m[0;39mDEBUG   | Window repositioned to [363,-726]
[0;39m[0;39mDEBUG   | Crash info: hw.gpu.enabled=yes
[0;39m[0;39mDEBUG   | Crash info: hw.cpu.ncore=4
[0;39m[0;39mDEBUG   | Crash info: avd_space=2268093554112
[0;39m[0;39mDEBUG   | Crash info: disk.dataPartition.size=6G
[0;39m[0;39mDEBUG   | Crash info: hw.sensor.hinge=?
[0;39m[0;39mDEBUG   | Crash info: hw.gpu.mode=auto
[0;39m[0;39mDEBUG   | Crash info: hw.lcd.height=2160
[0;39m[0;39mDEBUG   | Crash info: hw.ramSize=2048
[0;39m[0;39mDEBUG   | Crash info: hw.lcd.width=1080
[0;39m[0;39mDEBUG   | Crash info: PlayStore.enabled=true
[0;39m[0;39mDEBUG   | Crash info: cpu_cores=8
[0;39m[0;39mDEBUG   | Crash info: free_ram=9351
[0;39m[0;39mDEBUG   | Crash info: ro.build.fingerprint=??
[0;39m[0;39mDEBUG   | Crash info: sessionId=
[0;39m[0;39mINFO         | Loading snapshot 'default_boot'...
[0;39m[33mWARNING      | Client not connected yet. Ignoring message!
[0;39m[33mWARNING      | Client not connected yet. Ignoring message!
[0;39m[33mWARNING      | Client not connected yet. Ignoring message!
[0;39m[33mWARNING      | Unknown XR viewport mode requested: 0, ignored.

[0;39m[33mWARNING      | Client not connected yet. Ignoring message!
[0;39m[33mWARNING      | Client not connected yet. Ignoring message!
[0;39m[33mWARNING      | Client not connected yet. Ignoring message!
[0;39m[33mWARNING      | Client not connected yet. Ignoring message!
[0;39m[33mWARNING      | Client not connected yet. Ignoring message!
[0;39m[0;39mDEBUG   | Adding boot property: 'ro.opengles.version' = '196609'
[0;39m[0;39mDEBUG   | Adding boot property: 'qemu.sf.fake_camera' = 'front'
[0;39m[0;39mDEBUG   | Adding boot property: 'qemu.adb.secure' = '1'
[0;39m[0;39mDEBUG   | Adding boot property: 'dalvik.vm.heapsize' = '512m'
[0;39m[0;39mDEBUG   | Adding boot property: 'qemu.hw.mainkeys' = '0'
[0;39m[0;39mDEBUG   | Adding boot property: 'qemu.sf.lcd_density' = '440'
[0;39m[0;39mDEBUG   | Adding boot property: 'net.wifi_mac_prefix' = '5554'
[0;39m[0;39mDEBUG   | Adding boot property: 'qemu.timezone' = 'Asia/Colombo'
[0;39m[0;39mDEBUG   | emulator window was out of view and was recentered
[0;39m[0;39mDEBUG   | Begin setupSubWindow
[0;39m[0;39mDEBUG   | ShareGroup::ShareGroup: 000002102C4CE730: start restore namespace for type 0

[0;39m[0;39mDEBUG   | ShareGroup::ShareGroup: 000002102C4CE730: finish restore namespace for type 0

[0;39m[0;39mDEBUG   | ShareGroup::ShareGroup: 000002102C4CE730: start restore namespace for type 1

[0;39m[0;39mDEBUG   | ShareGroup::ShareGroup: 000002102C4CE730: finish restore namespace for type 1

[0;39m[0;39mDEBUG   | ShareGroup::ShareGroup: 000002102C4CE730: start restore namespace for type 2

[0;39m[0;39mDEBUG   | 000002102C74B620: try to load object 4294967296
[0;39m[0;39mDEBUG   | 000002102C74B620: try to load object 4294967297
[0;39m[0;39mDEBUG   | ShareGroup::ShareGroup: 000002102C4CE730: finish restore namespace for type 2

[0;39m[0;39mDEBUG   | ShareGroup::ShareGroup: 000002102C4CE730: start restore namespace for type 3

[0;39m[0;39mDEBUG   | ShareGroup::ShareGroup: 000002102C4CE730: finish restore namespace for type 3

[0;39m[0;39mDEBUG   | ShareGroup::ShareGroup: 000002102C4CE730: start restore namespace for type 4

[0;39m[0;39mDEBUG   | ShareGroup::ShareGroup: 000002102C4CE730: finish restore namespace for type 4

[0;39m[0;39mDEBUG   | ShareGroup::ShareGroup: 000002102C4CE730: start restore namespace for type 5

[0;39m[0;39mDEBUG   | ShareGroup::ShareGroup: 000002102C4CE730: finish restore namespace for type 5

[0;39m[0;39mDEBUG   | ShareGroup::ShareGroup: 000002102C4CE730: start restore namespace for type 6

[0;39m[0;39mDEBUG   | ShareGroup::ShareGroup: 000002102C4CE730: finish restore namespace for type 6

[0;39m[0;39mDEBUG   | ShareGroup::ShareGroup: 000002102C4CE730: start restore namespace for type 7

[0;39m[0;39mDEBUG   | ShareGroup::ShareGroup: 000002102C4CE730: finish restore namespace for type 7

[0;39m[0;39mDEBUG   | ShareGroup::ShareGroup: 000002102C4CE730: start restore namespace for type 8

[0;39m[0;39mDEBUG   | ShareGroup::ShareGroup: 000002102C4CE730: finish restore namespace for type 8

[0;39m[0;39mDEBUG   | ShareGroup::ShareGroup: 000002102C4CE730: start restore namespace for type 9

[0;39m[0;39mDEBUG   | ShareGroup::ShareGroup: 000002102C4CE730: finish restore namespace for type 9

[0;39m[0;39mDEBUG   | ShareGroup::ShareGroup: 000002102C4CE7B0: start restore namespace for type 0

[0;39m[0;39mDEBUG   | ShareGroup::ShareGroup: 000002102C4CE7B0: finish restore namespace for type 0

[0;39m[0;39mDEBUG   | ShareGroup::ShareGroup: 000002102C4CE7B0: start restore namespace for type 1

[0;39m[0;39mDEBUG   | 00000210183D13F0: try to load object 1
[0;39m[0;39mDEBUG   | 00000210183D13F0: try to load object 2
[0;39m[0;39mDEBUG   | 00000210183D13F0: try to load object 3
[0;39m[0;39mDEBUG   | 00000210183D13F0: try to load object 4
[0;39m[0;39mDEBUG   | 00000210183D13F0: try to load object 5
[0;39m[0;39mDEBUG   | 00000210183D13F0: try to load object 6
[0;39m[0;39mDEBUG   | ShareGroup::ShareGroup: 000002102C4CE7B0: finish restore namespace for type 1

[0;39m[0;39mDEBUG   | ShareGroup::ShareGroup: 000002102C4CE7B0: start restore namespace for type 2

[0;39m[0;39mDEBUG   | 000002102CAD36A0: try to load object 4294967296
[0;39m[0;39mDEBUG   | 000002102CAD36A0: try to load object 4294967297
[0;39m[0;39mDEBUG   | 000002102CAD36A0: try to load object 3
[0;39m[0;39mDEBUG   | 000002102CAD36A0: try to load object 4
[0;39m[0;39mDEBUG   | 000002102CAD36A0: try to load object 5
[0;39m[0;39mDEBUG   | 000002102CAD36A0: try to load object 6
[0;39m[0;39mDEBUG   | 000002102CAD36A0: try to load object 7
[0;39m[0;39mDEBUG   | 000002102CAD36A0: try to load object 10
[0;39m[0;39mDEBUG   | 000002102CAD36A0: try to load object 11
[0;39m[0;39mDEBUG   | 000002102CAD36A0: try to load object 20
[0;39m[0;39mDEBUG   | 000002102CAD36A0: try to load object 21
[0;39m[0;39mDEBUG   | 000002102CAD36A0: try to load object 22
[0;39m[0;39mDEBUG   | 000002102CAD36A0: try to load object 23
[0;39m[0;39mDEBUG   | 000002102CAD36A0: try to load object 24
[0;39m[0;39mDEBUG   | 000002102CAD36A0: try to load object 28
[0;39m[0;39mDEBUG   | 000002102CAD36A0: try to load object 31
[0;39m[0;39mDEBUG   | 000002102CAD36A0: try to load object 32
[0;39m[0;39mDEBUG   | 000002102CAD36A0: try to load object 33
[0;39m[0;39mDEBUG   | 000002102CAD36A0: try to load object 34
[0;39m[0;39mDEBUG   | 000002102CAD36A0: try to load object 35
[0;39m[0;39mDEBUG   | 000002102CAD36A0: try to load object 36
[0;39m[0;39mDEBUG   | 000002102CAD36A0: try to load object 37
[0;39m[0;39mDEBUG   | 000002102CAD36A0: try to load object 38
[0;39m[0;39mDEBUG   | 000002102CAD36A0: try to load object 39
[0;39m[0;39mDEBUG   | 000002102CAD36A0: try to load object 41
[0;39m[0;39mDEBUG   | ShareGroup::ShareGroup: 000002102C4CE7B0: finish restore namespace for type 2

[0;39m[0;39mDEBUG   | ShareGroup::ShareGroup: 000002102C4CE7B0: start restore namespace for type 3

[0;39m[0;39mDEBUG   | 000002102CAD4500: try to load object 1
[0;39m[0;39mDEBUG   | 000002102CAD4500: try to load object 3
[0;39m[0;39mDEBUG   | ShareGroup::ShareGroup: 000002102C4CE7B0: finish restore namespace for type 3

[0;39m[0;39mDEBUG   | ShareGroup::ShareGroup: 000002102C4CE7B0: start restore namespace for type 4

[0;39m[0;39mDEBUG   | ShareGroup::ShareGroup: 000002102C4CE7B0: finish restore namespace for type 4

[0;39m[0;39mDEBUG   | ShareGroup::ShareGroup: 000002102C4CE7B0: start restore namespace for type 5

[0;39m[0;39mDEBUG   | 000002102CAD4AC0: try to load object 1
[0;39m[0;39mDEBUG   | 000002102CAD4AC0: try to load object 2
[0;39m[0;39mDEBUG   | 000002102CAD4AC0: try to load object 393
[0;39m[0;39mDEBUG   | 000002102CAD4AC0: try to load object 3
[0;39m[0;39mDEBUG   | 000002102CAD4AC0: try to load object 4
[0;39m[0;39mDEBUG   | 000002102CAD4AC0: try to load object 387
[0;39m[0;39mDEBUG   | 000002102CAD4AC0: try to load object 5
[0;39m[0;39mDEBUG   | 000002102CAD4AC0: try to load object 397
[0;39m[0;39mDEBUG   | 000002102CAD4AC0: try to load object 6
[0;39m[0;39mDEBUG   | 000002102CAD4AC0: try to load object 7
[0;39m[0;39mDEBUG   | 000002102CAD4AC0: try to load object 8
[0;39m[0;39mDEBUG   | 000002102CAD4AC0: try to load object 9
[0;39m[0;39mDEBUG   | 000002102CAD4AC0: try to load object 401
[0;39m[0;39mDEBUG   | 000002102CAD4AC0: try to load object 10
[0;39m[0;39mDEBUG   | 000002102CAD4AC0: try to load object 11
[0;39m[0;39mDEBUG   | 000002102CAD4AC0: try to load object 395
[0;39m[0;39mDEBUG   | 000002102CAD4AC0: try to load object 12
[0;39m[0;39mDEBUG   | 000002102CAD4AC0: try to load object 13
[0;39m[0;39mDEBUG   | 000002102CAD4AC0: try to load object 14
[0;39m[0;39mDEBUG   | 000002102CAD4AC0: try to load object 15
[0;39m[0;39mDEBUG   | 000002102CAD4AC0: try to load object 16
[0;39m[0;39mDEBUG   | 000002102CAD4AC0: try to load object 17
[0;39m[0;39mDEBUG   | 000002102CAD4AC0: try to load object 18
[0;39m[0;39mDEBUG   | 000002102CAD4AC0: try to load object 19
[0;39m[0;39mDEBUG   | 000002102CAD4AC0: try to load object 20
[0;39m[0;39mDEBUG   | 000002102CAD4AC0: try to load object 21
[0;39m[0;39mDEBUG   | 000002102CAD4AC0: try to load object 22
[0;39m[0;39mDEBUG   | 000002102CAD4AC0: try to load object 23
[0;39m[0;39mDEBUG   | 000002102CAD4AC0: try to load object 24
[0;39m[0;39mDEBUG   | 000002102CAD4AC0: try to load object 25
[0;39m[0;39mDEBUG   | 000002102CAD4AC0: try to load object 26
[0;39m[0;39mDEBUG   | 000002102CAD4AC0: try to load object 27
[0;39m[0;39mDEBUG   | 000002102CAD4AC0: try to load object 28
[0;39m[0;39mDEBUG   | 000002102CAD4AC0: try to load object 29
[0;39m[0;39mDEBUG   | 000002102CAD4AC0: try to load object 30
[0;39m[0;39mDEBUG   | 000002102CAD4AC0: try to load object 31
[0;39m[0;39mDEBUG   | 000002102CAD4AC0: try to load object 32
[0;39m[0;39mDEBUG   | 000002102CAD4AC0: try to load object 33
[0;39m[0;39mDEBUG   | 000002102CAD4AC0: try to load object 34
[0;39m[0;39mDEBUG   | 000002102CAD4AC0: try to load object 35
[0;39m[0;39mDEBUG   | 000002102CAD4AC0: try to load object 36
[0;39m[0;39mDEBUG   | 000002102CAD4AC0: try to load object 37
[0;39m[0;39mDEBUG   | 000002102CAD4AC0: try to load object 38
[0;39m[0;39mDEBUG   | 000002102CAD4AC0: try to load object 39
[0;39m[0;39mDEBUG   | 000002102CAD4AC0: try to load object 40
[0;39m[0;39mDEBUG   | 000002102CAD4AC0: try to load object 41
[0;39m[0;39mDEBUG   | 000002102CAD4AC0: try to load object 42
[0;39m[0;39mDEBUG   | 000002102CAD4AC0: try to load object 43
[0;39m[0;39mDEBUG   | 000002102CAD4AC0: try to load object 44
[0;39m[0;39mDEBUG   | 000002102CAD4AC0: try to load object 45
[0;39m[0;39mDEBUG   | 000002102CAD4AC0: try to load object 46
[0;39m[0;39mDEBUG   | 000002102CAD4AC0: try to load object 47
[0;39m[0;39mDEBUG   | 000002102CAD4AC0: try to load object 48
[0;39m[0;39mDEBUG   | 000002102CAD4AC0: try to load object 49
[0;39m[0;39mDEBUG   | 000002102CAD4AC0: try to load object 50
[0;39m[0;39mDEBUG   | 000002102CAD4AC0: try to load object 51
[0;39m[0;39mDEBUG   | 000002102CAD4AC0: try to load object 52
[0;39m[0;39mDEBUG   | 000002102CAD4AC0: try to load object 53
[0;39m[0;39mDEBUG   | 000002102CAD4AC0: try to load object 54
[0;39m[0;39mDEBUG   | 000002102CAD4AC0: try to load object 55
[0;39m[0;39mDEBUG   | 000002102CAD4AC0: try to load object 391
[0;39m[0;39mDEBUG   | 000002102CAD4AC0: try to load object 56
[0;39m[0;39mDEBUG   | 000002102CAD4AC0: try to load object 57
[0;39m[0;39mDEBUG   | 000002102CAD4AC0: try to load object 58
[0;39m[0;39mDEBUG   | 000002102CAD4AC0: try to load object 385
[0;39m[0;39mDEBUG   | 000002102CAD4AC0: try to load object 59
[0;39m[0;39mDEBUG   | 000002102CAD4AC0: try to load object 60
[0;39m[0;39mDEBUG   | 000002102CAD4AC0: try to load object 61
[0;39m[0;39mDEBUG   | 000002102CAD4AC0: try to load object 62
[0;39m[0;39mDEBUG   | 000002102CAD4AC0: try to load object 389
[0;39m[0;39mDEBUG   | 000002102CAD4AC0: try to load object 63
[0;39m[0;39mDEBUG   | 000002102CAD4AC0: try to load object 64
[0;39m[0;39mDEBUG   | 000002102CAD4AC0: try to load object 65
[0;39m[0;39mDEBUG   | 000002102CAD4AC0: try to load object 66
[0;39m[0;39mDEBUG   | 000002102CAD4AC0: try to load object 67
[0;39m[0;39mDEBUG   | 000002102CAD4AC0: try to load object 68
[0;39m[0;39mDEBUG   | 000002102CAD4AC0: try to load object 69
[0;39m[0;39mDEBUG   | 000002102CAD4AC0: try to load object 70
[0;39m[0;39mDEBUG   | 000002102CAD4AC0: try to load object 71
[0;39m[0;39mDEBUG   | 000002102CAD4AC0: try to load object 72
[0;39m[0;39mDEBUG   | 000002102CAD4AC0: try to load object 73
[0;39m[0;39mDEBUG   | 000002102CAD4AC0: try to load object 74
[0;39m[0;39mDEBUG   | 000002102CAD4AC0: try to load object 75
[0;39m[0;39mDEBUG   | 000002102CAD4AC0: try to load object 76
[0;39m[0;39mDEBUG   | 000002102CAD4AC0: try to load object 77
[0;39m[0;39mDEBUG   | 000002102CAD4AC0: try to load object 78
[0;39m[0;39mDEBUG   | 000002102CAD4AC0: try to load object 79
[0;39m[0;39mDEBUG   | 000002102CAD4AC0: try to load object 80
[0;39m[0;39mDEBUG   | 000002102CAD4AC0: try to load object 81
[0;39m[0;39mDEBUG   | 000002102CAD4AC0: try to load object 82
[0;39m[0;39mDEBUG   | 000002102CAD4AC0: try to load object 83
[0;39m[0;39mDEBUG   | 000002102CAD4AC0: try to load object 84
[0;39m[0;39mDEBUG   | 000002102CAD4AC0: try to load object 85
[0;39m[0;39mDEBUG   | 000002102CAD4AC0: try to load object 86
[0;39m[0;39mDEBUG   | 000002102CAD4AC0: try to load object 87
[0;39m[0;39mDEBUG   | 000002102CAD4AC0: try to load object 88
[0;39m[0;39mDEBUG   | 000002102CAD4AC0: try to load object 89
[0;39m[0;39mDEBUG   | 000002102CAD4AC0: try to load object 90
[0;39m[0;39mDEBUG   | 000002102CAD4AC0: try to load object 91
[0;39m[0;39mDEBUG   | 000002102CAD4AC0: try to load object 92
[0;39m[0;39mDEBUG   | 000002102CAD4AC0: try to load object 93
[0;39m[0;39mDEBUG   | 000002102CAD4AC0: try to load object 94
[0;39m[0;39mDEBUG   | 000002102CAD4AC0: try to load object 95
[0;39m[0;39mDEBUG   | 000002102CAD4AC0: try to load object 96
[0;39m[0;39mDEBUG   | 000002102CAD4AC0: try to load object 97
[0;39m[0;39mDEBUG   | 000002102CAD4AC0: try to load object 98
[0;39m[0;39mDEBUG   | 000002102CAD4AC0: try to load object 99
[0;39m[0;39mDEBUG   | 000002102CAD4AC0: try to load object 100
[0;39m[0;39mDEBUG   | 000002102CAD4AC0: try to load object 101
[0;39m[0;39mDEBUG   | 000002102CAD4AC0: try to load object 102
[0;39m[0;39mDEBUG   | 000002102CAD4AC0: try to load object 103
[0;39m[0;39mDEBUG   | 000002102CAD4AC0: try to load object 104
[0;39m[0;39mDEBUG   | 000002102CAD4AC0: try to load object 105
[0;39m[0;39mDEBUG   | 000002102CAD4AC0: try to load object 106
[0;39m[0;39mDEBUG   | 000002102CAD4AC0: try to load object 107
[0;39m[0;39mDEBUG   | 000002102CAD4AC0: try to load object 108
[0;39m[0;39mDEBUG   | 000002102CAD4AC0: try to load object 109
[0;39m[0;39mDEBUG   | 000002102CAD4AC0: try to load object 110
[0;39m[0;39mDEBUG   | 000002102CAD4AC0: try to load object 111
[0;39m[0;39mDEBUG   | 000002102CAD4AC0: try to load object 112
[0;39m[0;39mDEBUG   | 000002102CAD4AC0: try to load object 113
[0;39m[0;39mDEBUG   | 000002102CAD4AC0: try to load object 114
[0;39m[0;39mDEBUG   | 000002102CAD4AC0: try to load object 115
[0;39m[0;39mDEBUG   | 000002102CAD4AC0: try to load object 116
[0;39m[0;39mDEBUG   | 000002102CAD4AC0: try to load object 117
[0;39m[0;39mDEBUG   | 000002102CAD4AC0: try to load object 118
[0;39m[0;39mDEBUG   | 000002102CAD4AC0: try to load object 119
[0;39m[0;39mDEBUG   | 000002102CAD4AC0: try to load object 120
[0;39m[0;39mDEBUG   | 000002102CAD4AC0: try to load object 121
[0;39m[0;39mDEBUG   | 000002102CAD4AC0: try to load object 122
[0;39m[0;39mDEBUG   | 000002102CAD4AC0: try to load object 123
[0;39m[0;39mDEBUG   | 000002102CAD4AC0: try to load object 124
[0;39m[0;39mDEBUG   | 000002102CAD4AC0: try to load object 125
[0;39m[0;39mDEBUG   | 000002102CAD4AC0: try to load object 126
[0;39m[0;39mDEBUG   | 000002102CAD4AC0: try to load object 127
[0;39m[0;39mDEBUG   | 000002102CAD4AC0: try to load object 128
[0;39m[0;39mDEBUG   | 000002102CAD4AC0: try to load object 129
[0;39m[0;39mDEBUG   | 000002102CAD4AC0: try to load object 314
[0;39m[0;39mDEBUG   | 000002102CAD4AC0: try to load object 130
[0;39m[0;39mDEBUG   | 000002102CAD4AC0: try to load object 131
[0;39m[0;39mDEBUG   | 000002102CAD4AC0: try to load object 260
[0;39m[0;39mDEBUG   | 000002102CAD4AC0: try to load object 132
[0;39m[0;39mDEBUG   | 000002102CAD4AC0: try to load object 133
[0;39m[0;39mDEBUG   | 000002102CAD4AC0: try to load object 318
[0;39m[0;39mDEBUG   | 000002102CAD4AC0: try to load object 134
[0;39m[0;39mDEBUG   | 000002102CAD4AC0: try to load object 135
[0;39m[0;39mDEBUG   | 000002102CAD4AC0: try to load object 312
[0;39m[0;39mDEBUG   | 000002102CAD4AC0: try to load object 136
[0;39m[0;39mDEBUG   | 000002102CAD4AC0: try to load object 137
[0;39m[0;39mDEBUG   | 000002102CAD4AC0: try to load object 258
[0;39m[0;39mDEBUG   | 000002102CAD4AC0: try to load object 138
[0;39m[0;39mDEBUG   | 000002102CAD4AC0: try to load object 139
[0;39m[0;39mDEBUG   | 000002102CAD4AC0: try to load object 268
[0;39m[0;39mDEBUG   | 000002102CAD4AC0: try to load object 140
[0;39m[0;39mDEBUG   | 000002102CAD4AC0: try to load object 141
[0;39m[0;39mDEBUG   | 000002102CAD4AC0: try to load object 262
[0;39m[0;39mDEBUG   | 000002102CAD4AC0: try to load object 142
[0;39m[0;39mDEBUG   | 000002102CAD4AC0: try to load object 143
[0;39m[0;39mDEBUG   | 000002102CAD4AC0: try to load object 256
[0;39m[0;39mDEBUG   | 000002102CAD4AC0: try to load object 144
[0;39m[0;39mDEBUG   | 000002102CAD4AC0: try to load object 145
[0;39m[0;39mDEBUG   | 000002102CAD4AC0: try to load object 266
[0;39m[0;39mDEBUG   | 000002102CAD4AC0: try to load object 146
[0;39m[0;39mDEBUG   | 000002102CAD4AC0: try to load object 147
[0;39m[0;39mDEBUG   | 000002102CAD4AC0: try to load object 276
[0;39m[0;39mDEBUG   | 000002102CAD4AC0: try to load object 148
[0;39m[0;39mDEBUG   | 000002102CAD4AC0: try to load object 149
[0;39m[0;39mDEBUG   | 000002102CAD4AC0: try to load object 270
[0;39m[0;39mDEBUG   | 000002102CAD4AC0: try to load object 150
[0;39m[0;39mDEBUG   | 000002102CAD4AC0: try to load object 151
[0;39m[0;39mDEBUG   | 000002102CAD4AC0: try to load object 264
[0;39m[0;39mDEBUG   | 000002102CAD4AC0: try to load object 152
[0;39m[0;39mDEBUG   | 000002102CAD4AC0: try to load object 153
[0;39m[0;39mDEBUG   | 000002102CAD4AC0: try to load object 274
[0;39m[0;39mDEBUG   | 000002102CAD4AC0: try to load object 154
[0;39m[0;39mDEBUG   | 000002102CAD4AC0: try to load object 155
[0;39m[0;39mDEBUG   | 000002102CAD4AC0: try to load object 284
[0;39m[0;39mDEBUG   | 000002102CAD4AC0: try to load object 156
[0;39m[0;39mDEBUG   | 000002102CAD4AC0: try to load object 157
[0;39m[0;39mDEBUG   | 000002102CAD4AC0: try to load object 278
[0;39m[0;39mDEBUG   | 000002102CAD4AC0: try to load object 158
[0;39m[0;39mDEBUG   | 000002102CAD4AC0: try to load object 159
[0;39m[0;39mDEBUG   | 000002102CAD4AC0: try to load object 272
[0;39m[0;39mDEBUG   | 000002102CAD4AC0: try to load object 160
[0;39m[0;39mDEBUG   | 000002102CAD4AC0: try to load object 161
[0;39m[0;39mDEBUG   | 000002102CAD4AC0: try to load object 162
[0;39m[0;39mDEBUG   | 000002102CAD4AC0: try to load object 163
[0;39m[0;39mDEBUG   | 000002102CAD4AC0: try to load object 292
[0;39m[0;39mDEBUG   | 000002102CAD4AC0: try to load object 164
[0;39m[0;39mDEBUG   | 000002102CAD4AC0: try to load object 165
[0;39m[0;39mDEBUG   | 000002102CAD4AC0: try to load object 166
[0;39m[0;39mDEBUG   | 000002102CAD4AC0: try to load object 167
[0;39m[0;39mDEBUG   | 000002102CAD4AC0: try to load object 168
[0;39m[0;39mDEBUG   | 000002102CAD4AC0: try to load object 169
[0;39m[0;39mDEBUG   | 000002102CAD4AC0: try to load object 290
[0;39m[0;39mDEBUG   | 000002102CAD4AC0: try to load object 170
[0;39m[0;39mDEBUG   | 000002102CAD4AC0: try to load object 171
[0;39m[0;39mDEBUG   | 000002102CAD4AC0: try to load object 300
[0;39m[0;39mDEBUG   | 000002102CAD4AC0: try to load object 172
[0;39m[0;39mDEBUG   | 000002102CAD4AC0: try to load object 173
[0;39m[0;39mDEBUG   | 000002102CAD4AC0: try to load object 294
[0;39m[0;39mDEBUG   | 000002102CAD4AC0: try to load object 174
[0;39m[0;39mDEBUG   | 000002102CAD4AC0: try to load object 175
[0;39m[0;39mDEBUG   | 000002102CAD4AC0: try to load object 288
[0;39m[0;39mDEBUG   | 000002102CAD4AC0: try to load object 176
[0;39m[0;39mDEBUG   | 000002102CAD4AC0: try to load object 177
[0;39m[0;39mDEBUG   | 000002102CAD4AC0: try to load object 298
[0;39m[0;39mDEBUG   | 000002102CAD4AC0: try to load object 178
[0;39m[0;39mDEBUG   | 000002102CAD4AC0: try to load object 179
[0;39m[0;39mDEBUG   | 000002102CAD4AC0: try to load object 308
[0;39m[0;39mDEBUG   | 000002102CAD4AC0: try to load object 180
[0;39m[0;39mDEBUG   | 000002102CAD4AC0: try to load object 181
[0;39m[0;39mDEBUG   | 000002102CAD4AC0: try to load object 302
[0;39m[0;39mDEBUG   | 000002102CAD4AC0: try to load object 182
[0;39m[0;39mDEBUG   | 000002102CAD4AC0: try to load object 183
[0;39m[0;39mDEBUG   | 000002102CAD4AC0: try to load object 296
[0;39m[0;39mDEBUG   | 000002102CAD4AC0: try to load object 184
[0;39m[0;39mDEBUG   | 000002102CAD4AC0: try to load object 185
[0;39m[0;39mDEBUG   | 000002102CAD4AC0: try to load object 306
[0;39m[0;39mDEBUG   | 000002102CAD4AC0: try to load object 186
[0;39m[0;39mDEBUG   | 000002102CAD4AC0: try to load object 187
[0;39m[0;39mDEBUG   | 000002102CAD4AC0: try to load object 316
[0;39m[0;39mDEBUG   | 000002102CAD4AC0: try to load object 188
[0;39m[0;39mDEBUG   | 000002102CAD4AC0: try to load object 189
[0;39m[0;39mDEBUG   | 000002102CAD4AC0: try to load object 310
[0;39m[0;39mDEBUG   | 000002102CAD4AC0: try to load object 190
[0;39m[0;39mDEBUG   | 000002102CAD4AC0: try to load object 191
[0;39m[0;39mDEBUG   | 000002102CAD4AC0: try to load object 304
[0;39m[0;39mDEBUG   | 000002102CAD4AC0: try to load object 192
[0;39m[0;39mDEBUG   | 000002102CAD4AC0: try to load object 193
[0;39m[0;39mDEBUG   | 000002102CAD4AC0: try to load object 378
[0;39m[0;39mDEBUG   | 000002102CAD4AC0: try to load object 194
[0;39m[0;39mDEBUG   | 000002102CAD4AC0: try to load object 195
[0;39m[0;39mDEBUG   | 000002102CAD4AC0: try to load object 324
[0;39m[0;39mDEBUG   | 000002102CAD4AC0: try to load object 196
[0;39m[0;39mDEBUG   | 000002102CAD4AC0: try to load object 197
[0;39m[0;39mDEBUG   | 000002102CAD4AC0: try to load object 382
[0;39m[0;39mDEBUG   | 000002102CAD4AC0: try to load object 198
[0;39m[0;39mDEBUG   | 000002102CAD4AC0: try to load object 199
[0;39m[0;39mDEBUG   | 000002102CAD4AC0: try to load object 376
[0;39m[0;39mDEBUG   | 000002102CAD4AC0: try to load object 200
[0;39m[0;39mDEBUG   | 000002102CAD4AC0: try to load object 201
[0;39m[0;39mDEBUG   | 000002102CAD4AC0: try to load object 322
[0;39m[0;39mDEBUG   | 000002102CAD4AC0: try to load object 202
[0;39m[0;39mDEBUG   | 000002102CAD4AC0: try to load object 203
[0;39m[0;39mDEBUG   | 000002102CAD4AC0: try to load object 332
[0;39m[0;39mDEBUG   | 000002102CAD4AC0: try to load object 204
[0;39m[0;39mDEBUG   | 000002102CAD4AC0: try to load object 205
[0;39m[0;39mDEBUG   | 000002102CAD4AC0: try to load object 326
[0;39m[0;39mDEBUG   | 000002102CAD4AC0: try to load object 206
[0;39m[0;39mDEBUG   | 000002102CAD4AC0: try to load object 207
[0;39m[0;39mDEBUG   | 000002102CAD4AC0: try to load object 320
[0;39m[0;39mDEBUG   | 000002102CAD4AC0: try to load object 208
[0;39m[0;39mDEBUG   | 000002102CAD4AC0: try to load object 209
[0;39m[0;39mDEBUG   | 000002102CAD4AC0: try to load object 330
[0;39m[0;39mDEBUG   | 000002102CAD4AC0: try to load object 210
[0;39m[0;39mDEBUG   | 000002102CAD4AC0: try to load object 211
[0;39m[0;39mDEBUG   | 000002102CAD4AC0: try to load object 340
[0;39m[0;39mDEBUG   | 000002102CAD4AC0: try to load object 212
[0;39m[0;39mDEBUG   | 000002102CAD4AC0: try to load object 213
[0;39m[0;39mDEBUG   | 000002102CAD4AC0: try to load object 334
[0;39m[0;39mDEBUG   | 000002102CAD4AC0: try to load object 214
[0;39m[0;39mDEBUG   | 000002102CAD4AC0: try to load object 215
[0;39m[0;39mDEBUG   | 000002102CAD4AC0: try to load object 328
[0;39m[0;39mDEBUG   | 000002102CAD4AC0: try to load object 216
[0;39m[0;39mDEBUG   | 000002102CAD4AC0: try to load object 217
[0;39m[0;39mDEBUG   | 000002102CAD4AC0: try to load object 338
[0;39m[0;39mDEBUG   | 000002102CAD4AC0: try to load object 218
[0;39m[0;39mDEBUG   | 000002102CAD4AC0: try to load object 219
[0;39m[0;39mDEBUG   | 000002102CAD4AC0: try to load object 348
[0;39m[0;39mDEBUG   | 000002102CAD4AC0: try to load object 220
[0;39m[0;39mDEBUG   | 000002102CAD4AC0: try to load object 221
[0;39m[0;39mDEBUG   | 000002102CAD4AC0: try to load object 342
[0;39m[0;39mDEBUG   | 000002102CAD4AC0: try to load object 222
[0;39m[0;39mDEBUG   | 000002102CAD4AC0: try to load object 223
[0;39m[0;39mDEBUG   | 000002102CAD4AC0: try to load object 336
[0;39m[0;39mDEBUG   | 000002102CAD4AC0: try to load object 224
[0;39m[0;39mDEBUG   | 000002102CAD4AC0: try to load object 225
[0;39m[0;39mDEBUG   | 000002102CAD4AC0: try to load object 282
[0;39m[0;39mDEBUG   | 000002102CAD4AC0: try to load object 226
[0;39m[0;39mDEBUG   | 000002102CAD4AC0: try to load object 227
[0;39m[0;39mDEBUG   | 000002102CAD4AC0: try to load object 356
[0;39m[0;39mDEBUG   | 000002102CAD4AC0: try to load object 228
[0;39m[0;39mDEBUG   | 000002102CAD4AC0: try to load object 229
[0;39m[0;39mDEBUG   | 000002102CAD4AC0: try to load object 286
[0;39m[0;39mDEBUG   | 000002102CAD4AC0: try to load object 230
[0;39m[0;39mDEBUG   | 000002102CAD4AC0: try to load object 231
[0;39m[0;39mDEBUG   | 000002102CAD4AC0: try to load object 280
[0;39m[0;39mDEBUG   | 000002102CAD4AC0: try to load object 232
[0;39m[0;39mDEBUG   | 000002102CAD4AC0: try to load object 233
[0;39m[0;39mDEBUG   | 000002102CAD4AC0: try to load object 354
[0;39m[0;39mDEBUG   | 000002102CAD4AC0: try to load object 234
[0;39m[0;39mDEBUG   | 000002102CAD4AC0: try to load object 235
[0;39m[0;39mDEBUG   | 000002102CAD4AC0: try to load object 364
[0;39m[0;39mDEBUG   | 000002102CAD4AC0: try to load object 236
[0;39m[0;39mDEBUG   | 000002102CAD4AC0: try to load object 237
[0;39m[0;39mDEBUG   | 000002102CAD4AC0: try to load object 358
[0;39m[0;39mDEBUG   | 000002102CAD4AC0: try to load object 238
[0;39m[0;39mDEBUG   | 000002102CAD4AC0: try to load object 239
[0;39m[0;39mDEBUG   | 000002102CAD4AC0: try to load object 352
[0;39m[0;39mDEBUG   | 000002102CAD4AC0: try to load object 240
[0;39m[0;39mDEBUG   | 000002102CAD4AC0: try to load object 241
[0;39m[0;39mDEBUG   | 000002102CAD4AC0: try to load object 362
[0;39m[0;39mDEBUG   | 000002102CAD4AC0: try to load object 242
[0;39m[0;39mDEBUG   | 000002102CAD4AC0: try to load object 243
[0;39m[0;39mDEBUG   | 000002102CAD4AC0: try to load object 372
[0;39m[0;39mDEBUG   | 000002102CAD4AC0: try to load object 244
[0;39m[0;39mDEBUG   | 000002102CAD4AC0: try to load object 245
[0;39m[0;39mDEBUG   | 000002102CAD4AC0: try to load object 366
[0;39m[0;39mDEBUG   | 000002102CAD4AC0: try to load object 246
[0;39m[0;39mDEBUG   | 000002102CAD4AC0: try to load object 247
[0;39m[0;39mDEBUG   | 000002102CAD4AC0: try to load object 360
[0;39m[0;39mDEBUG   | 000002102CAD4AC0: try to load object 248
[0;39m[0;39mDEBUG   | 000002102CAD4AC0: try to load object 249
[0;39m[0;39mDEBUG   | 000002102CAD4AC0: try to load object 370
[0;39m[0;39mDEBUG   | 000002102CAD4AC0: try to load object 250
[0;39m[0;39mDEBUG   | 000002102CAD4AC0: try to load object 251
[0;39m[0;39mDEBUG   | 000002102CAD4AC0: try to load object 380
[0;39m[0;39mDEBUG   | 000002102CAD4AC0: try to load object 252
[0;39m[0;39mDEBUG   | 000002102CAD4AC0: try to load object 253
[0;39m[0;39mDEBUG   | 000002102CAD4AC0: try to load object 374
[0;39m[0;39mDEBUG   | 000002102CAD4AC0: try to load object 254
[0;39m[0;39mDEBUG   | 000002102CAD4AC0: try to load object 255
[0;39m[0;39mDEBUG   | 000002102CAD4AC0: try to load object 368
[0;39m[0;39mDEBUG   | 000002102CAD4AC0: try to load object 257
[0;39m[0;39mDEBUG   | 000002102CAD4AC0: try to load object 259
[0;39m[0;39mDEBUG   | 000002102CAD4AC0: try to load object 261
[0;39m[0;39mDEBUG   | 000002102CAD4AC0: try to load object 263
[0;39m[0;39mDEBUG   | 000002102CAD4AC0: try to load object 265
[0;39m[0;39mDEBUG   | 000002102CAD4AC0: try to load object 267
[0;39m[0;39mDEBUG   | 000002102CAD4AC0: try to load object 269
[0;39m[0;39mDEBUG   | 000002102CAD4AC0: try to load object 271
[0;39m[0;39mDEBUG   | 000002102CAD4AC0: try to load object 273
[0;39m[0;39mDEBUG   | 000002102CAD4AC0: try to load object 275
[0;39m[0;39mDEBUG   | 000002102CAD4AC0: try to load object 277
[0;39m[0;39mDEBUG   | 000002102CAD4AC0: try to load object 279
[0;39m[0;39mDEBUG   | 000002102CAD4AC0: try to load object 281
[0;39m[0;39mDEBUG   | 000002102CAD4AC0: try to load object 283
[0;39m[0;39mDEBUG   | 000002102CAD4AC0: try to load object 285
[0;39m[0;39mDEBUG   | 000002102CAD4AC0: try to load object 287
[0;39m[0;39mDEBUG   | 000002102CAD4AC0: try to load object 289
[0;39m[0;39mDEBUG   | 000002102CAD4AC0: try to load object 291
[0;39m[0;39mDEBUG   | 000002102CAD4AC0: try to load object 293
[0;39m[0;39mDEBUG   | 000002102CAD4AC0: try to load object 295
[0;39m[0;39mDEBUG   | 000002102CAD4AC0: try to load object 297
[0;39m[0;39mDEBUG   | 000002102CAD4AC0: try to load object 299
[0;39m[0;39mDEBUG   | 000002102CAD4AC0: try to load object 301
[0;39m[0;39mDEBUG   | 000002102CAD4AC0: try to load object 303
[0;39m[0;39mDEBUG   | 000002102CAD4AC0: try to load object 305
[0;39m[0;39mDEBUG   | 000002102CAD4AC0: try to load object 307
[0;39m[0;39mDEBUG   | 000002102CAD4AC0: try to load object 309
[0;39m[0;39mDEBUG   | 000002102CAD4AC0: try to load object 311
[0;39m[0;39mDEBUG   | 000002102CAD4AC0: try to load object 313
[0;39m[0;39mDEBUG   | 000002102CAD4AC0: try to load object 315
[0;39m[0;39mDEBUG   | 000002102CAD4AC0: try to load object 317
[0;39m[0;39mDEBUG   | 000002102CAD4AC0: try to load object 319
[0;39m[0;39mDEBUG   | 000002102CAD4AC0: try to load object 321
[0;39m[0;39mDEBUG   | 000002102CAD4AC0: try to load object 323
[0;39m[0;39mDEBUG   | 000002102CAD4AC0: try to load object 325
[0;39m[0;39mDEBUG   | 000002102CAD4AC0: try to load object 327
[0;39m[0;39mDEBUG   | 000002102CAD4AC0: try to load object 329
[0;39m[0;39mDEBUG   | 000002102CAD4AC0: try to load object 331
[0;39m[0;39mDEBUG   | 000002102CAD4AC0: try to load object 333
[0;39m[0;39mDEBUG   | 000002102CAD4AC0: try to load object 335
[0;39m[0;39mDEBUG   | 000002102CAD4AC0: try to load object 337
[0;39m[0;39mDEBUG   | 000002102CAD4AC0: try to load object 339
[0;39m[0;39mDEBUG   | 000002102CAD4AC0: try to load object 341
[0;39m[0;39mDEBUG   | 000002102CAD4AC0: try to load object 343
[0;39m[0;39mDEBUG   | 000002102CAD4AC0: try to load object 344
[0;39m[0;39mDEBUG   | 000002102CAD4AC0: try to load object 345
[0;39m[0;39mDEBUG   | 000002102CAD4AC0: try to load object 346
[0;39m[0;39mDEBUG   | 000002102CAD4AC0: try to load object 347
[0;39m[0;39mDEBUG   | 000002102CAD4AC0: try to load object 349
[0;39m[0;39mDEBUG   | 000002102CAD4AC0: try to load object 350
[0;39m[0;39mDEBUG   | 000002102CAD4AC0: try to load object 351
[0;39m[0;39mDEBUG   | 000002102CAD4AC0: try to load object 353
[0;39m[0;39mDEBUG   | 000002102CAD4AC0: try to load object 355
[0;39m[0;39mDEBUG   | 000002102CAD4AC0: try to load object 357
[0;39m[0;39mDEBUG   | 000002102CAD4AC0: try to load object 359
[0;39m[0;39mDEBUG   | 000002102CAD4AC0: try to load object 361
[0;39m[0;39mDEBUG   | 000002102CAD4AC0: try to load object 363
[0;39m[0;39mDEBUG   | 000002102CAD4AC0: try to load object 365
[0;39m[0;39mDEBUG   | 000002102CAD4AC0: try to load object 367
[0;39m[0;39mDEBUG   | 000002102CAD4AC0: try to load object 369
[0;39m[0;39mDEBUG   | 000002102CAD4AC0: try to load object 371
[0;39m[0;39mDEBUG   | 000002102CAD4AC0: try to load object 373
[0;39m[0;39mDEBUG   | 000002102CAD4AC0: try to load object 375
[0;39m[0;39mDEBUG   | 000002102CAD4AC0: try to load object 377
[0;39m[0;39mDEBUG   | 000002102CAD4AC0: try to load object 379
[0;39m[0;39mDEBUG   | 000002102CAD4AC0: try to load object 381
[0;39m[0;39mDEBUG   | 000002102CAD4AC0: try to load object 383
[0;39m[0;39mDEBUG   | 000002102CAD4AC0: try to load object 384
[0;39m[0;39mDEBUG   | 000002102CAD4AC0: try to load object 386
[0;39m[0;39mDEBUG   | 000002102CAD4AC0: try to load object 388
[0;39m[0;39mDEBUG   | 000002102CAD4AC0: try to load object 390
[0;39m[0;39mDEBUG   | 000002102CAD4AC0: try to load object 392
[0;39m[0;39mDEBUG   | 000002102CAD4AC0: try to load object 394
[0;39m[0;39mDEBUG   | 000002102CAD4AC0: try to load object 396
[0;39m[0;39mDEBUG   | 000002102CAD4AC0: try to load object 398
[0;39m[0;39mDEBUG   | 000002102CAD4AC0: try to load object 399
[0;39m[0;39mDEBUG   | 000002102CAD4AC0: try to load object 400
[0;39m[0;39mDEBUG   | 000002102CAD4AC0: try to load object 402
[0;39m[0;39mDEBUG   | ShareGroup::ShareGroup: 000002102C4CE7B0: finish restore namespace for type 5

[0;39m[0;39mDEBUG   | ShareGroup::ShareGroup: 000002102C4CE7B0: start restore namespace for type 6

[0;39m[0;39mDEBUG   | 000002102CAD40B0: try to load object 1
[0;39m[0;39mDEBUG   | 000002102CAD40B0: try to load object 2
[0;39m[0;39mDEBUG   | 000002102CAD40B0: try to load object 3
[0;39m[0;39mDEBUG   | ShareGroup::ShareGroup: 000002102C4CE7B0: finish restore namespace for type 6

[0;39m[0;39mDEBUG   | ShareGroup::ShareGroup: 000002102C4CE7B0: start restore namespace for type 7

[0;39m[0;39mDEBUG   | ShareGroup::ShareGroup: 000002102C4CE7B0: finish restore namespace for type 7

[0;39m[0;39mDEBUG   | ShareGroup::ShareGroup: 000002102C4CE7B0: start restore namespace for type 8

[0;39m[0;39mDEBUG   | ShareGroup::ShareGroup: 000002102C4CE7B0: finish restore namespace for type 8

[0;39m[0;39mDEBUG   | ShareGroup::ShareGroup: 000002102C4CE7B0: start restore namespace for type 9

[0;39m[0;39mDEBUG   | ShareGroup::ShareGroup: 000002102C4CE7B0: finish restore namespace for type 9

[0;39m[0;39mDEBUG   | 000002102C749510: try to load object 6
[0;39m[0;39mDEBUG   | 000002102C749510: try to load object 7
[0;39m[0;39mDEBUG   | 000002102C749510: try to load object 8
[0;39m[0;39mDEBUG   | 000002102C749510: try to load object 24
[0;39m[0;39mDEBUG   | 000002102C749510: try to load object 32
[0;39m[0;39mDEBUG   | 000002102C749510: try to load object 25
[0;39m[0;39mDEBUG   | 000002102C749510: try to load object 33
[0;39m[0;39mDEBUG   | 000002102C749510: try to load object 34
[0;39m[0;39mDEBUG   | 000002102C749510: try to load object 35
[0;39m[0;39mDEBUG   | 000002102C749510: try to load object 38
[0;39m[0;39mDEBUG   | 000002102C749510: try to load object 39
[0;39m[0;39mDEBUG   | ShareGroup::ShareGroup: 000002102C4CE8B0: start restore namespace for type 0

[0;39m[0;39mDEBUG   | ShareGroup::ShareGroup: 000002102C4CE8B0: finish restore namespace for type 0

[0;39m[0;39mDEBUG   | ShareGroup::ShareGroup: 000002102C4CE8B0: start restore namespace for type 1

[0;39m[0;39mDEBUG   | 000002102CAD6050: try to load object 1
[0;39m[0;39mDEBUG   | 000002102CAD6050: try to load object 2
[0;39m[0;39mDEBUG   | 000002102CAD6050: try to load object 3
[0;39m[0;39mDEBUG   | 000002102CAD6050: try to load object 4
[0;39m[0;39mDEBUG   | 000002102CAD6050: try to load object 5
[0;39m[0;39mDEBUG   | 000002102CAD6050: try to load object 6
[0;39m[0;39mDEBUG   | ShareGroup::ShareGroup: 000002102C4CE8B0: finish restore namespace for type 1

[0;39m[0;39mDEBUG   | ShareGroup::ShareGroup: 000002102C4CE8B0: start restore namespace for type 2

[0;39m[0;39mDEBUG   | 000002102CAD5360: try to load object 17
[0;39m[0;39mDEBUG   | 000002102CAD5360: try to load object 4294967296
[0;39m[0;39mDEBUG   | 000002102CAD5360: try to load object 48
[0;39m[0;39mDEBUG   | 000002102CAD5360: try to load object 4294967297
[0;39m[0;39mDEBUG   | 000002102CAD5360: try to load object 8
[0;39m[0;39mDEBUG   | 000002102CAD5360: try to load object 4
[0;39m[0;39mDEBUG   | 000002102CAD5360: try to load object 5
[0;39m[0;39mDEBUG   | 000002102CAD5360: try to load object 6
[0;39m[0;39mDEBUG   | 000002102CAD5360: try to load object 7
[0;39m[0;39mDEBUG   | 000002102CAD5360: try to load object 9
[0;39m[0;39mDEBUG   | 000002102CAD5360: try to load object 12
[0;39m[0;39mDEBUG   | 000002102CAD5360: try to load object 13
[0;39m[0;39mDEBUG   | 000002102CAD5360: try to load object 14
[0;39m[0;39mDEBUG   | 000002102CAD5360: try to load object 15
[0;39m[0;39mDEBUG   | 000002102CAD5360: try to load object 16
[0;39m[0;39mDEBUG   | 000002102CAD5360: try to load object 21
[0;39m[0;39mDEBUG   | 000002102CAD5360: try to load object 22
[0;39m[0;39mDEBUG   | 000002102CAD5360: try to load object 23
[0;39m[0;39mDEBUG   | 000002102CAD5360: try to load object 26
[0;39m[0;39mDEBUG   | 000002102CAD5360: try to load object 27
[0;39m[0;39mDEBUG   | 000002102CAD5360: try to load object 28
[0;39m[0;39mDEBUG   | 000002102CAD5360: try to load object 29
[0;39m[0;39mDEBUG   | 000002102CAD5360: try to load object 30
[0;39m[0;39mDEBUG   | 000002102CAD5360: try to load object 31
[0;39m[0;39mDEBUG   | 000002102CAD5360: try to load object 32
[0;39m[0;39mDEBUG   | 000002102CAD5360: try to load object 33
[0;39m[0;39mDEBUG   | 000002102CAD5360: try to load object 34
[0;39m[0;39mDEBUG   | 000002102CAD5360: try to load object 35
[0;39m[0;39mDEBUG   | 000002102CAD5360: try to load object 36
[0;39m[0;39mDEBUG   | 000002102CAD5360: try to load object 37
[0;39m[0;39mDEBUG   | 000002102CAD5360: try to load object 38
[0;39m[0;39mDEBUG   | 000002102CAD5360: try to load object 39
[0;39m[0;39mDEBUG   | 000002102CAD5360: try to load object 40
[0;39m[0;39mDEBUG   | 000002102CAD5360: try to load object 41
[0;39m[0;39mDEBUG   | 000002102CAD5360: try to load object 42
[0;39m[0;39mDEBUG   | 000002102CAD5360: try to load object 43
[0;39m[0;39mDEBUG   | 000002102CAD5360: try to load object 44
[0;39m[0;39mDEBUG   | 000002102CAD5360: try to load object 45
[0;39m[0;39mDEBUG   | 000002102CAD5360: try to load object 46
[0;39m[0;39mDEBUG   | 000002102CAD5360: try to load object 47
[0;39m[0;39mDEBUG   | 000002102CAD5360: try to load object 49
[0;39m[0;39mDEBUG   | 000002102CAD5360: try to load object 50
[0;39m[0;39mDEBUG   | 000002102CAD5360: try to load object 51
[0;39m[0;39mDEBUG   | 000002102CAD5360: try to load object 52
[0;39m[0;39mDEBUG   | 000002102CAD5360: try to load object 53
[0;39m[0;39mDEBUG   | 000002102CAD5360: try to load object 54
[0;39m[0;39mDEBUG   | 000002102CAD5360: try to load object 55
[0;39m[0;39mDEBUG   | 000002102CAD5360: try to load object 56
[0;39m[0;39mDEBUG   | 000002102CAD5360: try to load object 57
[0;39m[0;39mDEBUG   | 000002102CAD5360: try to load object 58
[0;39m[0;39mDEBUG   | 000002102CAD5360: try to load object 59
[0;39m[0;39mDEBUG   | 000002102CAD5360: try to load object 60
[0;39m[0;39mDEBUG   | ShareGroup::ShareGroup: 000002102C4CE8B0: finish restore namespace for type 2

[0;39m[0;39mDEBUG   | ShareGroup::ShareGroup: 000002102C4CE8B0: start restore namespace for type 3

[0;39m[0;39mDEBUG   | 000002102CAD4390: try to load object 3
[0;39m[0;39mDEBUG   | 000002102CAD4390: try to load object 5
[0;39m[0;39mDEBUG   | 000002102CAD4390: try to load object 6
[0;39m[0;39mDEBUG   | ShareGroup::ShareGroup: 000002102C4CE8B0: finish restore namespace for type 3

[0;39m[0;39mDEBUG   | ShareGroup::ShareGroup: 000002102C4CE8B0: start restore namespace for type 4

[0;39m[0;39mDEBUG   | ShareGroup::ShareGroup: 000002102C4CE8B0: finish restore namespace for type 4

[0;39m[0;39mDEBUG   | ShareGroup::ShareGroup: 000002102C4CE8B0: start restore namespace for type 5

[0;39m[0;39mDEBUG   | 000002102CAD3AF0: try to load object 1
[0;39m[0;39mDEBUG   | 000002102CAD3AF0: try to load object 2
[0;39m[0;39mDEBUG   | 000002102CAD3AF0: try to load object 3
[0;39m[0;39mDEBUG   | 000002102CAD3AF0: try to load object 4
[0;39m[0;39mDEBUG   | 000002102CAD3AF0: try to load object 5
[0;39m[0;39mDEBUG   | 000002102CAD3AF0: try to load object 6
[0;39m[0;39mDEBUG   | 000002102CAD3AF0: try to load object 7
[0;39m[0;39mDEBUG   | 000002102CAD3AF0: try to load object 8
[0;39m[0;39mDEBUG   | 000002102CAD3AF0: try to load object 9
[0;39m[0;39mDEBUG   | 000002102CAD3AF0: try to load object 10
[0;39m[0;39mDEBUG   | 000002102CAD3AF0: try to load object 11
[0;39m[0;39mDEBUG   | 000002102CAD3AF0: try to load object 12
[0;39m[0;39mDEBUG   | 000002102CAD3AF0: try to load object 13
[0;39m[0;39mDEBUG   | 000002102CAD3AF0: try to load object 14
[0;39m[0;39mDEBUG   | 000002102CAD3AF0: try to load object 15
[0;39m[0;39mDEBUG   | 000002102CAD3AF0: try to load object 16
[0;39m[0;39mDEBUG   | 000002102CAD3AF0: try to load object 17
[0;39m[0;39mDEBUG   | 000002102CAD3AF0: try to load object 18
[0;39m[0;39mDEBUG   | 000002102CAD3AF0: try to load object 19
[0;39m[0;39mDEBUG   | 000002102CAD3AF0: try to load object 20
[0;39m[0;39mDEBUG   | 000002102CAD3AF0: try to load object 21
[0;39m[0;39mDEBUG   | 000002102CAD3AF0: try to load object 22
[0;39m[0;39mDEBUG   | 000002102CAD3AF0: try to load object 23
[0;39m[0;39mDEBUG   | 000002102CAD3AF0: try to load object 24
[0;39m[0;39mDEBUG   | 000002102CAD3AF0: try to load object 25
[0;39m[0;39mDEBUG   | 000002102CAD3AF0: try to load object 26
[0;39m[0;39mDEBUG   | 000002102CAD3AF0: try to load object 27
[0;39m[0;39mDEBUG   | 000002102CAD3AF0: try to load object 28
[0;39m[0;39mDEBUG   | 000002102CAD3AF0: try to load object 29
[0;39m[0;39mDEBUG   | 000002102CAD3AF0: try to load object 30
[0;39m[0;39mDEBUG   | 000002102CAD3AF0: try to load object 31
[0;39m[0;39mDEBUG   | 000002102CAD3AF0: try to load object 32
[0;39m[0;39mDEBUG   | 000002102CAD3AF0: try to load object 33
[0;39m[0;39mDEBUG   | 000002102CAD3AF0: try to load object 34
[0;39m[0;39mDEBUG   | 000002102CAD3AF0: try to load object 35
[0;39m[0;39mDEBUG   | 000002102CAD3AF0: try to load object 36
[0;39m[0;39mDEBUG   | 000002102CAD3AF0: try to load object 37
[0;39m[0;39mDEBUG   | 000002102CAD3AF0: try to load object 38
[0;39m[0;39mDEBUG   | 000002102CAD3AF0: try to load object 39
[0;39m[0;39mDEBUG   | 000002102CAD3AF0: try to load object 40
[0;39m[0;39mDEBUG   | 000002102CAD3AF0: try to load object 41
[0;39m[0;39mDEBUG   | 000002102CAD3AF0: try to load object 42
[0;39m[0;39mDEBUG   | 000002102CAD3AF0: try to load object 43
[0;39m[0;39mDEBUG   | 000002102CAD3AF0: try to load object 44
[0;39m[0;39mDEBUG   | 000002102CAD3AF0: try to load object 45
[0;39m[0;39mDEBUG   | 000002102CAD3AF0: try to load object 46
[0;39m[0;39mDEBUG   | 000002102CAD3AF0: try to load object 47
[0;39m[0;39mDEBUG   | 000002102CAD3AF0: try to load object 48
[0;39m[0;39mDEBUG   | 000002102CAD3AF0: try to load object 49
[0;39m[0;39mDEBUG   | 000002102CAD3AF0: try to load object 50
[0;39m[0;39mDEBUG   | 000002102CAD3AF0: try to load object 51
[0;39m[0;39mDEBUG   | 000002102CAD3AF0: try to load object 52
[0;39m[0;39mDEBUG   | 000002102CAD3AF0: try to load object 53
[0;39m[0;39mDEBUG   | 000002102CAD3AF0: try to load object 54
[0;39m[0;39mDEBUG   | 000002102CAD3AF0: try to load object 55
[0;39m[0;39mDEBUG   | 000002102CAD3AF0: try to load object 56
[0;39m[0;39mDEBUG   | 000002102CAD3AF0: try to load object 57
[0;39m[0;39mDEBUG   | 000002102CAD3AF0: try to load object 58
[0;39m[0;39mDEBUG   | 000002102CAD3AF0: try to load object 59
[0;39m[0;39mDEBUG   | 000002102CAD3AF0: try to load object 60
[0;39m[0;39mDEBUG   | 000002102CAD3AF0: try to load object 61
[0;39m[0;39mDEBUG   | 000002102CAD3AF0: try to load object 62
[0;39m[0;39mDEBUG   | 000002102CAD3AF0: try to load object 63
[0;39m[0;39mDEBUG   | 000002102CAD3AF0: try to load object 64
[0;39m[0;39mDEBUG   | 000002102CAD3AF0: try to load object 65
[0;39m[0;39mDEBUG   | 000002102CAD3AF0: try to load object 66
[0;39m[0;39mDEBUG   | 000002102CAD3AF0: try to load object 67
[0;39m[0;39mDEBUG   | 000002102CAD3AF0: try to load object 68
[0;39m[0;39mDEBUG   | 000002102CAD3AF0: try to load object 69
[0;39m[0;39mDEBUG   | 000002102CAD3AF0: try to load object 70
[0;39m[0;39mDEBUG   | 000002102CAD3AF0: try to load object 71
[0;39m[0;39mDEBUG   | 000002102CAD3AF0: try to load object 72
[0;39m[0;39mDEBUG   | 000002102CAD3AF0: try to load object 73
[0;39m[0;39mDEBUG   | 000002102CAD3AF0: try to load object 74
[0;39m[0;39mDEBUG   | 000002102CAD3AF0: try to load object 75
[0;39m[0;39mDEBUG   | ShareGroup::ShareGroup: 000002102C4CE8B0: finish restore namespace for type 5

[0;39m[0;39mDEBUG   | ShareGroup::ShareGroup: 000002102C4CE8B0: start restore namespace for type 6

[0;39m[0;39mDEBUG   | 000002102CAD54D0: try to load object 1
[0;39m[0;39mDEBUG   | 000002102CAD54D0: try to load object 2
[0;39m[0;39mDEBUG   | 000002102CAD54D0: try to load object 3
[0;39m[0;39mDEBUG   | ShareGroup::ShareGroup: 000002102C4CE8B0: finish restore namespace for type 6

[0;39m[0;39mDEBUG   | ShareGroup::ShareGroup: 000002102C4CE8B0: start restore namespace for type 7

[0;39m[0;39mDEBUG   | ShareGroup::ShareGroup: 000002102C4CE8B0: finish restore namespace for type 7

[0;39m[0;39mDEBUG   | ShareGroup::ShareGroup: 000002102C4CE8B0: start restore namespace for type 8

[0;39m[0;39mDEBUG   | ShareGroup::ShareGroup: 000002102C4CE8B0: finish restore namespace for type 8

[0;39m[0;39mDEBUG   | ShareGroup::ShareGroup: 000002102C4CE8B0: start restore namespace for type 9

[0;39m[0;39mDEBUG   | ShareGroup::ShareGroup: 000002102C4CE8B0: finish restore namespace for type 9

[0;39m[0;39mDEBUG   | 000002102CAD51F0: try to load object 5
[0;39m[0;39mDEBUG   | 000002102CAD51F0: try to load object 6
[0;39m[0;39mDEBUG   | 000002102CAD51F0: try to load object 15
[0;39m[0;39mDEBUG   | 000002102CAD51F0: try to load object 16
[0;39m[0;39mDEBUG   | 000002102CAD51F0: try to load object 17
[0;39m[0;39mDEBUG   | 000002102CAD51F0: try to load object 18
[0;39m[0;39mDEBUG   | 000002102CAD51F0: try to load object 19
[0;39m[0;39mDEBUG   | 000002102CAD51F0: try to load object 20
[0;39m[0;39mDEBUG   | ShareGroup::ShareGroup: 000002102C4CE930: start restore namespace for type 0

[0;39m[0;39mDEBUG   | ShareGroup::ShareGroup: 000002102C4CE930: finish restore namespace for type 0

[0;39m[0;39mDEBUG   | ShareGroup::ShareGroup: 000002102C4CE930: start restore namespace for type 1

[0;39m[0;39mDEBUG   | 000002102CAD3530: try to load object 5
[0;39m[0;39mDEBUG   | 000002102CAD3530: try to load object 15
[0;39m[0;39mDEBUG   | 000002102CAD3530: try to load object 16
[0;39m[0;39mDEBUG   | 000002102CAD3530: try to load object 17
[0;39m[0;39mDEBUG   | 000002102CAD3530: try to load object 18
[0;39m[0;39mDEBUG   | ShareGroup::ShareGroup: 000002102C4CE930: finish restore namespace for type 1

[0;39m[0;39mDEBUG   | ShareGroup::ShareGroup: 000002102C4CE930: start restore namespace for type 2

[0;39m[0;39mDEBUG   | 000002102CAD5EE0: try to load object 33
[0;39m[0;39mDEBUG   | 000002102CAD5EE0: try to load object 4294967296
[0;39m[0;39mDEBUG   | 000002102CAD5EE0: try to load object 32
[0;39m[0;39mDEBUG   | 000002102CAD5EE0: try to load object 8
[0;39m[0;39mDEBUG   | 000002102CAD5EE0: try to load object 4294967297
[0;39m[0;39mDEBUG   | 000002102CAD5EE0: try to load object 30
[0;39m[0;39mDEBUG   | 000002102CAD5EE0: try to load object 31
[0;39m[0;39mDEBUG   | 000002102CAD5EE0: try to load object 34
[0;39m[0;39mDEBUG   | 000002102CAD5EE0: try to load object 35
[0;39m[0;39mDEBUG   | 000002102CAD5EE0: try to load object 36
[0;39m[0;39mDEBUG   | 000002102CAD5EE0: try to load object 37
[0;39m[0;39mDEBUG   | 000002102CAD5EE0: try to load object 38
[0;39m[0;39mDEBUG   | 000002102CAD5EE0: try to load object 39
[0;39m[0;39mDEBUG   | 000002102CAD5EE0: try to load object 40
[0;39m[0;39mDEBUG   | 000002102CAD5EE0: try to load object 41
[0;39m[0;39mDEBUG   | 000002102CAD5EE0: try to load object 42
[0;39m[0;39mDEBUG   | ShareGroup::ShareGroup: 000002102C4CE930: finish restore namespace for type 2

[0;39m[0;39mDEBUG   | ShareGroup::ShareGroup: 000002102C4CE930: start restore namespace for type 3

[0;39m[0;39mDEBUG   | 000002102CAD3810: try to load object 12
[0;39m[0;39mDEBUG   | 000002102CAD3810: try to load object 13
[0;39m[0;39mDEBUG   | ShareGroup::ShareGroup: 000002102C4CE930: finish restore namespace for type 3

[0;39m[0;39mDEBUG   | ShareGroup::ShareGroup: 000002102C4CE930: start restore namespace for type 4

[0;39m[0;39mDEBUG   | ShareGroup::ShareGroup: 000002102C4CE930: finish restore namespace for type 4

[0;39m[0;39mDEBUG   | ShareGroup::ShareGroup: 000002102C4CE930: start restore namespace for type 5

[0;39m[0;39mDEBUG   | 000002102CAD64A0: try to load object 1
[0;39m[0;39mDEBUG   | 000002102CAD64A0: try to load object 2
[0;39m[0;39mDEBUG   | 000002102CAD64A0: try to load object 3
[0;39m[0;39mDEBUG   | 000002102CAD64A0: try to load object 4
[0;39m[0;39mDEBUG   | 000002102CAD64A0: try to load object 5
[0;39m[0;39mDEBUG   | 000002102CAD64A0: try to load object 6
[0;39m[0;39mDEBUG   | 000002102CAD64A0: try to load object 7
[0;39m[0;39mDEBUG   | 000002102CAD64A0: try to load object 8
[0;39m[0;39mDEBUG   | 000002102CAD64A0: try to load object 9
[0;39m[0;39mDEBUG   | 000002102CAD64A0: try to load object 10
[0;39m[0;39mDEBUG   | 000002102CAD64A0: try to load object 11
[0;39m[0;39mDEBUG   | 000002102CAD64A0: try to load object 12
[0;39m[0;39mDEBUG   | 000002102CAD64A0: try to load object 13
[0;39m[0;39mDEBUG   | 000002102CAD64A0: try to load object 14
[0;39m[0;39mDEBUG   | 000002102CAD64A0: try to load object 15
[0;39m[0;39mDEBUG   | 000002102CAD64A0: try to load object 16
[0;39m[0;39mDEBUG   | 000002102CAD64A0: try to load object 17
[0;39m[0;39mDEBUG   | 000002102CAD64A0: try to load object 18
[0;39m[0;39mDEBUG   | 000002102CAD64A0: try to load object 19
[0;39m[0;39mDEBUG   | 000002102CAD64A0: try to load object 20
[0;39m[0;39mDEBUG   | 000002102CAD64A0: try to load object 21
[0;39m[0;39mDEBUG   | 000002102CAD64A0: try to load object 22
[0;39m[0;39mDEBUG   | 000002102CAD64A0: try to load object 23
[0;39m[0;39mDEBUG   | 000002102CAD64A0: try to load object 24
[0;39m[0;39mDEBUG   | 000002102CAD64A0: try to load object 25
[0;39m[0;39mDEBUG   | 000002102CAD64A0: try to load object 26
[0;39m[0;39mDEBUG   | 000002102CAD64A0: try to load object 27
[0;39m[0;39mDEBUG   | ShareGroup::ShareGroup: 000002102C4CE930: finish restore namespace for type 5

[0;39m[0;39mDEBUG   | ShareGroup::ShareGroup: 000002102C4CE930: start restore namespace for type 6

[0;39m[0;39mDEBUG   | 000002102CAD33C0: try to load object 1
[0;39m[0;39mDEBUG   | 000002102CAD33C0: try to load object 2
[0;39m[0;39mDEBUG   | ShareGroup::ShareGroup: 000002102C4CE930: finish restore namespace for type 6

[0;39m[0;39mDEBUG   | ShareGroup::ShareGroup: 000002102C4CE930: start restore namespace for type 7

[0;39m[0;39mDEBUG   | ShareGroup::ShareGroup: 000002102C4CE930: finish restore namespace for type 7

[0;39m[0;39mDEBUG   | ShareGroup::ShareGroup: 000002102C4CE930: start restore namespace for type 8

[0;39m[0;39mDEBUG   | ShareGroup::ShareGroup: 000002102C4CE930: finish restore namespace for type 8

[0;39m[0;39mDEBUG   | ShareGroup::ShareGroup: 000002102C4CE930: start restore namespace for type 9

[0;39m[0;39mDEBUG   | ShareGroup::ShareGroup: 000002102C4CE930: finish restore namespace for type 9

[0;39m[0;39mDEBUG   | 000002102CAD5920: try to load object 22
[0;39m[0;39mDEBUG   | 000002102CAD5920: try to load object 23
[0;39m[0;39mDEBUG   | 000002102CAD5920: try to load object 24
[0;39m[0;39mDEBUG   | 000002102CAD5920: try to load object 25
[0;39m[0;39mDEBUG   | 000002102CAD5920: try to load object 26
[0;39m[0;39mDEBUG   | 000002102CAD5920: try to load object 27
[0;39m[0;39mDEBUG   | ShareGroup::ShareGroup: 000002102C4CEAB0: start restore namespace for type 0

[0;39m[0;39mDEBUG   | ShareGroup::ShareGroup: 000002102C4CEAB0: finish restore namespace for type 0

[0;39m[0;39mDEBUG   | ShareGroup::ShareGroup: 000002102C4CEAB0: start restore namespace for type 1

[0;39m[0;39mDEBUG   | ShareGroup::ShareGroup: 000002102C4CEAB0: finish restore namespace for type 1

[0;39m[0;39mDEBUG   | ShareGroup::ShareGroup: 000002102C4CEAB0: start restore namespace for type 2

[0;39m[0;39mDEBUG   | 000002102CAD3DD0: try to load object 4294967296
[0;39m[0;39mDEBUG   | 000002102CAD3DD0: try to load object 4294967297
[0;39m[0;39mDEBUG   | ShareGroup::ShareGroup: 000002102C4CEAB0: finish restore namespace for type 2

[0;39m[0;39mDEBUG   | ShareGroup::ShareGroup: 000002102C4CEAB0: start restore namespace for type 3

[0;39m[0;39mDEBUG   | ShareGroup::ShareGroup: 000002102C4CEAB0: finish restore namespace for type 3

[0;39m[0;39mDEBUG   | ShareGroup::ShareGroup: 000002102C4CEAB0: start restore namespace for type 4

[0;39m[0;39mDEBUG   | ShareGroup::ShareGroup: 000002102C4CEAB0: finish restore namespace for type 4

[0;39m[0;39mDEBUG   | ShareGroup::ShareGroup: 000002102C4CEAB0: start restore namespace for type 5

[0;39m[0;39mDEBUG   | ShareGroup::ShareGroup: 000002102C4CEAB0: finish restore namespace for type 5

[0;39m[0;39mDEBUG   | ShareGroup::ShareGroup: 000002102C4CEAB0: start restore namespace for type 6

[0;39m[0;39mDEBUG   | ShareGroup::ShareGroup: 000002102C4CEAB0: finish restore namespace for type 6

[0;39m[0;39mDEBUG   | ShareGroup::ShareGroup: 000002102C4CEAB0: start restore namespace for type 7

[0;39m[0;39mDEBUG   | ShareGroup::ShareGroup: 000002102C4CEAB0: finish restore namespace for type 7

[0;39m[0;39mDEBUG   | ShareGroup::ShareGroup: 000002102C4CEAB0: start restore namespace for type 8

[0;39m[0;39mDEBUG   | ShareGroup::ShareGroup: 000002102C4CEAB0: finish restore namespace for type 8

[0;39m[0;39mDEBUG   | ShareGroup::ShareGroup: 000002102C4CEAB0: start restore namespace for type 9

[0;39m[0;39mDEBUG   | ShareGroup::ShareGroup: 000002102C4CEAB0: finish restore namespace for type 9

[0;39m[0;39mDEBUG   | ShareGroup::ShareGroup: 0000021001F908E0: start restore namespace for type 0

[0;39m[0;39mDEBUG   | ShareGroup::ShareGroup: 0000021001F908E0: finish restore namespace for type 0

[0;39m[0;39mDEBUG   | ShareGroup::ShareGroup: 0000021001F908E0: start restore namespace for type 1

[0;39m[0;39mDEBUG   | ShareGroup::ShareGroup: 0000021001F908E0: finish restore namespace for type 1

[0;39m[0;39mDEBUG   | ShareGroup::ShareGroup: 0000021001F908E0: start restore namespace for type 2

[0;39m[0;39mDEBUG   | 0000021001F8E9D0: try to load object 4294967296
[0;39m[0;39mDEBUG   | 0000021001F8E9D0: try to load object 4294967297
[0;39m[0;39mDEBUG   | 0000021001F8E9D0: try to load object 2
[0;39m[0;39mDEBUG   | ShareGroup::ShareGroup: 0000021001F908E0: finish restore namespace for type 2

[0;39m[0;39mDEBUG   | ShareGroup::ShareGroup: 0000021001F908E0: start restore namespace for type 3

[0;39m[0;39mDEBUG   | ShareGroup::ShareGroup: 0000021001F908E0: finish restore namespace for type 3

[0;39m[0;39mDEBUG   | ShareGroup::ShareGroup: 0000021001F908E0: start restore namespace for type 4

[0;39m[0;39mDEBUG   | ShareGroup::ShareGroup: 0000021001F908E0: finish restore namespace for type 4

[0;39m[0;39mDEBUG   | ShareGroup::ShareGroup: 0000021001F908E0: start restore namespace for type 5

[0;39m[0;39mDEBUG   | ShareGroup::ShareGroup: 0000021001F908E0: finish restore namespace for type 5

[0;39m[0;39mDEBUG   | ShareGroup::ShareGroup: 0000021001F908E0: start restore namespace for type 6

[0;39m[0;39mDEBUG   | ShareGroup::ShareGroup: 0000021001F908E0: finish restore namespace for type 6

[0;39m[0;39mDEBUG   | ShareGroup::ShareGroup: 0000021001F908E0: start restore namespace for type 7

[0;39m[0;39mDEBUG   | ShareGroup::ShareGroup: 0000021001F908E0: finish restore namespace for type 7

[0;39m[0;39mDEBUG   | ShareGroup::ShareGroup: 0000021001F908E0: start restore namespace for type 8

[0;39m[0;39mDEBUG   | ShareGroup::ShareGroup: 0000021001F908E0: finish restore namespace for type 8

[0;39m[0;39mDEBUG   | ShareGroup::ShareGroup: 0000021001F908E0: start restore namespace for type 9

[0;39m[0;39mDEBUG   | ShareGroup::ShareGroup: 0000021001F908E0: finish restore namespace for type 9

[0;39m[0;39mDEBUG   | ShareGroup::ShareGroup: 0000021001F8FFE0: start restore namespace for type 0

[0;39m[0;39mDEBUG   | ShareGroup::ShareGroup: 0000021001F8FFE0: finish restore namespace for type 0

[0;39m[0;39mDEBUG   | ShareGroup::ShareGroup: 0000021001F8FFE0: start restore namespace for type 1

[0;39m[0;39mDEBUG   | ShareGroup::ShareGroup: 0000021001F8FFE0: finish restore namespace for type 1

[0;39m[0;39mDEBUG   | ShareGroup::ShareGroup: 0000021001F8FFE0: start restore namespace for type 2

[0;39m[0;39mDEBUG   | 0000021001F8F830: try to load object 4294967296
[0;39m[0;39mDEBUG   | 0000021001F8F830: try to load object 4294967297
[0;39m[0;39mDEBUG   | ShareGroup::ShareGroup: 0000021001F8FFE0: finish restore namespace for type 2

[0;39m[0;39mDEBUG   | ShareGroup::ShareGroup: 0000021001F8FFE0: start restore namespace for type 3

[0;39m[0;39mDEBUG   | ShareGroup::ShareGroup: 0000021001F8FFE0: finish restore namespace for type 3

[0;39m[0;39mDEBUG   | ShareGroup::ShareGroup: 0000021001F8FFE0: start restore namespace for type 4

[0;39m[0;39mDEBUG   | ShareGroup::ShareGroup: 0000021001F8FFE0: finish restore namespace for type 4

[0;39m[0;39mDEBUG   | ShareGroup::ShareGroup: 0000021001F8FFE0: start restore namespace for type 5

[0;39m[0;39mDEBUG   | ShareGroup::ShareGroup: 0000021001F8FFE0: finish restore namespace for type 5

[0;39m[0;39mDEBUG   | ShareGroup::ShareGroup: 0000021001F8FFE0: start restore namespace for type 6

[0;39m[0;39mDEBUG   | ShareGroup::ShareGroup: 0000021001F8FFE0: finish restore namespace for type 6

[0;39m[0;39mDEBUG   | ShareGroup::ShareGroup: 0000021001F8FFE0: start restore namespace for type 7

[0;39m[0;39mDEBUG   | ShareGroup::ShareGroup: 0000021001F8FFE0: finish restore namespace for type 7

[0;39m[0;39mDEBUG   | ShareGroup::ShareGroup: 0000021001F8FFE0: start restore namespace for type 8

[0;39m[0;39mDEBUG   | ShareGroup::ShareGroup: 0000021001F8FFE0: finish restore namespace for type 8

[0;39m[0;39mDEBUG   | ShareGroup::ShareGroup: 0000021001F8FFE0: start restore namespace for type 9

[0;39m[0;39mDEBUG   | ShareGroup::ShareGroup: 0000021001F8FFE0: finish restore namespace for type 9

[0;39m[0;39mDEBUG   | ShareGroup::ShareGroup: 0000021001F90260: start restore namespace for type 0

[0;39m[0;39mDEBUG   | ShareGroup::ShareGroup: 0000021001F90260: finish restore namespace for type 0

[0;39m[0;39mDEBUG   | ShareGroup::ShareGroup: 0000021001F90260: start restore namespace for type 1

[0;39m[0;39mDEBUG   | ShareGroup::ShareGroup: 0000021001F90260: finish restore namespace for type 1

[0;39m[0;39mDEBUG   | ShareGroup::ShareGroup: 0000021001F90260: start restore namespace for type 2

[0;39m[0;39mDEBUG   | 0000021001F8C020: try to load object 4294967296
[0;39m[0;39mDEBUG   | 0000021001F8C020: try to load object 4294967297
[0;39m[0;39mDEBUG   | 0000021001F8C020: try to load object 2
[0;39m[0;39mDEBUG   | ShareGroup::ShareGroup: 0000021001F90260: finish restore namespace for type 2

[0;39m[0;39mDEBUG   | ShareGroup::ShareGroup: 0000021001F90260: start restore namespace for type 3

[0;39m[0;39mDEBUG   | ShareGroup::ShareGroup: 0000021001F90260: finish restore namespace for type 3

[0;39m[0;39mDEBUG   | ShareGroup::ShareGroup: 0000021001F90260: start restore namespace for type 4

[0;39m[0;39mDEBUG   | ShareGroup::ShareGroup: 0000021001F90260: finish restore namespace for type 4

[0;39m[0;39mDEBUG   | ShareGroup::ShareGroup: 0000021001F90260: start restore namespace for type 5

[0;39m[0;39mDEBUG   | ShareGroup::ShareGroup: 0000021001F90260: finish restore namespace for type 5

[0;39m[0;39mDEBUG   | ShareGroup::ShareGroup: 0000021001F90260: start restore namespace for type 6

[0;39m[0;39mDEBUG   | ShareGroup::ShareGroup: 0000021001F90260: finish restore namespace for type 6

[0;39m[0;39mDEBUG   | ShareGroup::ShareGroup: 0000021001F90260: start restore namespace for type 7

[0;39m[0;39mDEBUG   | ShareGroup::ShareGroup: 0000021001F90260: finish restore namespace for type 7

[0;39m[0;39mDEBUG   | ShareGroup::ShareGroup: 0000021001F90260: start restore namespace for type 8

[0;39m[0;39mDEBUG   | ShareGroup::ShareGroup: 0000021001F90260: finish restore namespace for type 8

[0;39m[0;39mDEBUG   | ShareGroup::ShareGroup: 0000021001F90260: start restore namespace for type 9

[0;39m[0;39mDEBUG   | ShareGroup::ShareGroup: 0000021001F90260: finish restore namespace for type 9

[0;39m[0;39mDEBUG   | ShareGroup::ShareGroup: 0000021001F90360: start restore namespace for type 0

[0;39m[0;39mDEBUG   | ShareGroup::ShareGroup: 0000021001F90360: finish restore namespace for type 0

[0;39m[0;39mDEBUG   | ShareGroup::ShareGroup: 0000021001F90360: start restore namespace for type 1

[0;39m[0;39mDEBUG   | ShareGroup::ShareGroup: 0000021001F90360: finish restore namespace for type 1

[0;39m[0;39mDEBUG   | ShareGroup::ShareGroup: 0000021001F90360: start restore namespace for type 2

[0;39m[0;39mDEBUG   | 0000021004D74BE0: try to load object 4294967296
[0;39m[0;39mDEBUG   | 0000021004D74BE0: try to load object 4294967297
[0;39m[0;39mDEBUG   | ShareGroup::ShareGroup: 0000021001F90360: finish restore namespace for type 2

[0;39m[0;39mDEBUG   | ShareGroup::ShareGroup: 0000021001F90360: start restore namespace for type 3

[0;39m[0;39mDEBUG   | ShareGroup::ShareGroup: 0000021001F90360: finish restore namespace for type 3

[0;39m[0;39mDEBUG   | ShareGroup::ShareGroup: 0000021001F90360: start restore namespace for type 4

[0;39m[0;39mDEBUG   | ShareGroup::ShareGroup: 0000021001F90360: finish restore namespace for type 4

[0;39m[0;39mDEBUG   | ShareGroup::ShareGroup: 0000021001F90360: start restore namespace for type 5

[0;39m[0;39mDEBUG   | ShareGroup::ShareGroup: 0000021001F90360: finish restore namespace for type 5

[0;39m[0;39mDEBUG   | ShareGroup::ShareGroup: 0000021001F90360: start restore namespace for type 6

[0;39m[0;39mDEBUG   | ShareGroup::ShareGroup: 0000021001F90360: finish restore namespace for type 6

[0;39m[0;39mDEBUG   | ShareGroup::ShareGroup: 0000021001F90360: start restore namespace for type 7

[0;39m[0;39mDEBUG   | ShareGroup::ShareGroup: 0000021001F90360: finish restore namespace for type 7

[0;39m[0;39mDEBUG   | ShareGroup::ShareGroup: 0000021001F90360: start restore namespace for type 8

[0;39m[0;39mDEBUG   | ShareGroup::ShareGroup: 0000021001F90360: finish restore namespace for type 8

[0;39m[0;39mDEBUG   | ShareGroup::ShareGroup: 0000021001F90360: start restore namespace for type 9

[0;39m[0;39mDEBUG   | ShareGroup::ShareGroup: 0000021001F90360: finish restore namespace for type 9

[0;39m[0;39mDEBUG   | ColorBuffer 3, 1x1, VK_FORMAT_R8G8B8A8_UNORM, Memory [size: 512, type: 7, props: 1 / 1]
[0;39m[0;39mDEBUG   | ColorBuffer 68, 1080x66, VK_FORMAT_R8G8B8A8_UNORM, Memory [size: 557056, type: 7, props: 1 / 1]
[0;39m[0;39mDEBUG   | ColorBuffer 4, 1080x2160, VK_FORMAT_R8G8B8A8_UNORM, Memory [size: 9469952, type: 7, props: 1 / 1]
[0;39m[0;39mDEBUG   | ColorBuffer 197, 162x162, VK_FORMAT_R8G8B8A8_UNORM, Memory [size: 180224, type: 7, props: 1 / 1]
[0;39m[0;39mDEBUG   | ColorBuffer 69, 1080x66, VK_FORMAT_R8G8B8A8_UNORM, Memory [size: 557056, type: 7, props: 1 / 1]
[0;39m[0;39mDEBUG   | ColorBuffer 5, 1080x2160, VK_FORMAT_R8G8B8A8_UNORM, Memory [size: 9469952, type: 7, props: 1 / 1]
[0;39m[0;39mDEBUG   | ColorBuffer 70, 296x10, VK_FORMAT_R8G8B8A8_UNORM, Memory [size: 19456, type: 7, props: 1 / 1]
[0;39m[0;39mDEBUG   | ColorBuffer 6, 1080x2160, VK_FORMAT_R8G8B8A8_UNORM, Memory [size: 9469952, type: 7, props: 1 / 1]
[0;39m[0;39mDEBUG   | ColorBuffer 199, 162x162, VK_FORMAT_R8G8B8A8_UNORM, Memory [size: 180224, type: 7, props: 1 / 1]
[0;39m[0;39mDEBUG   | ColorBuffer 7, 1080x2160, VK_FORMAT_R8G8B8A8_UNORM, Memory [size: 9469952, type: 7, props: 1 / 1]
[0;39m[0;39mDEBUG   | ColorBuffer 8, 1080x2160, VK_FORMAT_R8G8B8A8_UNORM, Memory [size: 9469952, type: 7, props: 1 / 1]
[0;39m[0;39mDEBUG   | ColorBuffer 22, 1x1, VK_FORMAT_R8G8B8A8_UNORM, Memory [size: 512, type: 7, props: 1 / 1]
[0;39m[0;39mDEBUG   | ColorBuffer 25, 1x1, VK_FORMAT_R8G8B8A8_UNORM, Memory [size: 512, type: 7, props: 1 / 1]
[0;39m[0;39mDEBUG   | ColorBuffer 36, 1x1, VK_FORMAT_R8G8B8A8_UNORM, Memory [size: 512, type: 7, props: 1 / 1]
[0;39m[0;39mDEBUG   | ColorBuffer 37, 922x1024, VK_FORMAT_R8G8B8A8_UNORM, Memory [size: 3801088, type: 7, props: 1 / 1]
[0;39m[0;39mDEBUG   | ColorBuffer 45, 1080x66, VK_FORMAT_R8G8B8A8_UNORM, Memory [size: 557056, type: 7, props: 1 / 1]
[0;39m[0;39mDEBUG   | ColorBuffer 175, 1x1, VK_FORMAT_R8G8B8A8_UNORM, Memory [size: 512, type: 7, props: 1 / 1]
[0;39m[0;39mDEBUG   | ColorBuffer 47, 1080x66, VK_FORMAT_R8G8B8A8_UNORM, Memory [size: 557056, type: 7, props: 1 / 1]
[0;39m[0;39mDEBUG   | ColorBuffer 48, 1080x66, VK_FORMAT_R8G8B8A8_UNORM, Memory [size: 557056, type: 7, props: 1 / 1]
[0;39m[0;39mDEBUG   | ColorBuffer 178, 2x2, VK_FORMAT_R8G8B8A8_UNORM, Memory [size: 512, type: 7, props: 1 / 1]
[0;39m[0;39mDEBUG   | ColorBuffer 114, 64x64, VK_FORMAT_R8G8B8A8_UNORM, Memory [size: 16384, type: 7, props: 1 / 1]
[0;39m[0;39mDEBUG   | ColorBuffer 50, 1080x2160, VK_FORMAT_R8G8B8A8_UNORM, Memory [size: 9469952, type: 7, props: 1 / 1]
[0;39m[0;39mDEBUG   | ColorBuffer 52, 1080x2160, VK_FORMAT_R8G8B8A8_UNORM, Memory [size: 9469952, type: 7, props: 1 / 1]
[0;39m[0;39mDEBUG   | ColorBuffer 181, 162x162, VK_FORMAT_R8G8B8A8_UNORM, Memory [size: 180224, type: 7, props: 1 / 1]
[0;39m[0;39mDEBUG   | ColorBuffer 117, 1x1, VK_FORMAT_R8G8B8A8_UNORM, Memory [size: 512, type: 7, props: 1 / 1]
[0;39m[0;39mDEBUG   | ColorBuffer 53, 1080x2160, VK_FORMAT_R8G8B8A8_UNORM, Memory [size: 9469952, type: 7, props: 1 / 1]
[0;39m[0;39mDEBUG   | ColorBuffer 182, 162x162, VK_FORMAT_R8G8B8A8_UNORM, Memory [size: 180224, type: 7, props: 1 / 1]
[0;39m[0;39mDEBUG   | ColorBuffer 54, 40x40, VK_FORMAT_R8G8B8A8_UNORM, Memory [size: 12288, type: 7, props: 1 / 1]
[0;39m[0;39mDEBUG   | ColorBuffer 57, 44x44, VK_FORMAT_R8G8B8A8_UNORM, Memory [size: 12288, type: 7, props: 1 / 1]
[0;39m[0;39mDEBUG   | ColorBuffer 188, 162x162, VK_FORMAT_R8G8B8A8_UNORM, Memory [size: 180224, type: 7, props: 1 / 1]
[0;39m[0;39mDEBUG   | ColorBuffer 60, 2x2, VK_FORMAT_R8G8B8A8_UNORM, Memory [size: 512, type: 7, props: 1 / 1]
[0;39m[0;39mDEBUG   | ColorBuffer 191, 162x162, VK_FORMAT_R8G8B8A8_UNORM, Memory [size: 180224, type: 7, props: 1 / 1]
[0;39m[0;39mDEBUG   | ColorBuffer 63, 162x162, VK_FORMAT_R8G8B8A8_UNORM, Memory [size: 180224, type: 7, props: 1 / 1]
[0;39m[0;39mDEBUG   | ColorBuffer 194, 162x162, VK_FORMAT_R8G8B8A8_UNORM, Memory [size: 180224, type: 7, props: 1 / 1]
[0;39m[0;39mDEBUG   | ColorBuffer 66, 1080x66, VK_FORMAT_R8G8B8A8_UNORM, Memory [size: 557056, type: 7, props: 1 / 1]
[0;39m[0;39mDEBUG   | ColorBuffer 73, 1x1, VK_FORMAT_R8G8B8A8_UNORM, Memory [size: 512, type: 7, props: 1 / 1]
[0;39m[0;39mDEBUG   | ColorBuffer 75, 162x162, VK_FORMAT_R8G8B8A8_UNORM, Memory [size: 180224, type: 7, props: 1 / 1]
[0;39m[0;39mDEBUG   | ColorBuffer 98, 1x1, VK_FORMAT_R8G8B8A8_UNORM, Memory [size: 512, type: 7, props: 1 / 1]
[0;39m[0;39mDEBUG   | ColorBuffer 122, 1x1, VK_FORMAT_R8G8B8A8_UNORM, Memory [size: 512, type: 7, props: 1 / 1]
[0;39m[0;39mDEBUG   | ColorBuffer 125, 1x1, VK_FORMAT_R8G8B8A8_UNORM, Memory [size: 512, type: 7, props: 1 / 1]
[0;39m[0;39mDEBUG   | ColorBuffer 126, 64x64, VK_FORMAT_R8G8B8A8_UNORM, Memory [size: 16384, type: 7, props: 1 / 1]
[0;39m[0;39mDEBUG   | ColorBuffer 172, 162x162, VK_FORMAT_R8G8B8A8_UNORM, Memory [size: 180224, type: 7, props: 1 / 1]
[0;39m[0;39mDEBUG   | Got lasted posted color buffer from snapshot
[0;39m[0;39mDEBUG   | Reposting framebuffer.
[0;39m[0;39mDEBUG   | Has last posted colorbuffer and is initialized; post.
[0;39m[0;39mINFO         | Activated packet streamer for bluetooth emulation
[0;39m[0;39mINFO         | Activated packet streamer for uwb emulation
[0;39mINFO         | emuDirName: 'C:\Users\User\AppData\Local\Android\Sdk\emulator'
INFO         | try dir C:\Users\User\AppData\Local\Android\Sdk\emulator
INFO         | Trying emulator path 'C:\Users\User\AppData\Local\Android\Sdk\emulator\qemu\windows-x86_64\qemu-system-x86_64.exe'
INFO         | Found target-specific 64-bit emulator binary: C:\Users\User\AppData\Local\Android\Sdk\emulator\qemu\windows-x86_64\qemu-system-x86_64.exe
INFO         | Adding library search path: 'C:\Users\User\AppData\Local\Android\Sdk\emulator\lib64'
INFO         | Adding library search path: 'C:\Users\User\AppData\Local\Android\Sdk\emulator\lib64\gles_swiftshader'
INFO         | Adding library search path: 'C:\Users\User\AppData\Local\Android\Sdk\emulator\lib64\vulkan'
INFO         | Quoted param: [C:\Users\User\AppData\Local\Android\Sdk\emulator\qemu\windows-x86_64\qemu-system-x86_64.exe]
INFO         | Quoted param: [-verbose]
INFO         | Quoted param: [-no-audio]
INFO         | Quoted param: [-no-boot-anim]
INFO         | Quoted param: [-read-only]
INFO         | Quoted param: [-port]
INFO         | Quoted param: [13736]
INFO         | Quoted param: [@Pixel_3]
DEBUG   | emulator: Running :C:\Users\User\AppData\Local\Android\Sdk\emulator\qemu\windows-x86_64\qemu-system-x86_64.exe
DEBUG   | qemu backend: argv[00] = "C:\Users\User\AppData\Local\Android\Sdk\emulator\qemu\windows-x86_64\qemu-system-x86_64.exe"
DEBUG   | qemu backend: argv[01] = "-verbose"
DEBUG   | qemu backend: argv[02] = "-no-audio"
DEBUG   | qemu backend: argv[03] = "-no-boot-anim"
DEBUG   | qemu backend: argv[04] = "-read-only"
DEBUG   | qemu backend: argv[05] = "-port"
DEBUG   | qemu backend: argv[06] = "13736"
DEBUG   | qemu backend: argv[07] = "@Pixel_3"
DEBUG   | Concatenated backend parameters:  C:\Users\User\AppData\Local\Android\Sdk\emulator\qemu\windows-x86_64\qemu-system-x86_64.exe -verbose -no-audio -no-boot-anim -read-only -port 13736 @Pixel_3
